FROM,TO
AAL,GRO
AAL,STN
AAR,AGP
AAR,CFU
AAR,FAO
AAR,GDN
AAR,PMI
AAR,RIX
AAR,STN
AAR,ZAD
ABZ,AGP
ABZ,ALC
ABZ,FAO
ACE,AGP
ACE,ALC
ACE,BCN
ACE,BER
ACE,BFS
ACE,BGY
ACE,BHX
ACE,BLQ
ACE,BOH
ACE,BRE
ACE,BRS
ACE,BTS
ACE,BUD
ACE,CGN
ACE,CRL
ACE,DUB
ACE,EDI
ACE,EMA
ACE,FMM
ACE,LBA
ACE,LPL
ACE,LTN
ACE,MAD
ACE,MAN
ACE,MRS
ACE,MXP
ACE,NCL
ACE,NOC
ACE,NRN
ACE,NUE
ACE,ORK
ACE,PIK
ACE,RAK
ACE,SCQ
ACE,SNN
ACE,STN
ACE,SVQ
ACE,TRN
ACE,TSF
ACE,VIE
ACE,VLC
ACE,ZAG
AGA,BGY
AGA,BHX
AGA,BOD
AGA,BOH
AGA,BVA
AGA,CGN
AGA,CRL
AGA,DUB
AGA,EDI
AGA,FEZ
AGA,FKB
AGA,HHN
AGA,KRK
AGA,LIS
AGA,MAD
AGA,MAN
AGA,MRS
AGA,NRN
AGA,NTE
AGA,OPO
AGA,OUD
AGA,PGF
AGA,STN
AGA,SXB
AGA,TFS
AGA,TLS
AGA,TNG
AGA,VIE
AGA,VLC
AGA,WRO
AGP,AAR
AGP,ABZ
AGP,ACE
AGP,AMS
AGP,ARN
AGP,BCN
AGP,BER
AGP,BFS
AGP,BGY
AGP,BHX
AGP,BLL
AGP,BLQ
AGP,BOD
AGP,BOH
AGP,BRE
AGP,BRI
AGP,BRS
AGP,BRU
AGP,BUD
AGP,BVA
AGP,CGN
AGP,CPH
AGP,CRL
AGP,CWL
AGP,DTM
AGP,DUB
AGP,EDI
AGP,EIN
AGP,EMA
AGP,EXT
AGP,FCO
AGP,FEZ
AGP,FKB
AGP,FMM
AGP,GDN
AGP,GLA
AGP,GOT
AGP,HAM
AGP,HHN
AGP,IBZ
AGP,KRK
AGP,KUN
AGP,LBA
AGP,LCJ
AGP,LIS
AGP,LPA
AGP,LPL
AGP,LTN
AGP,MAH
AGP,MAN
AGP,MRS
AGP,MXP
AGP,NAP
AGP,NCL
AGP,NDR
AGP,NOC
AGP,NQY
AGP,NRN
AGP,NUE
AGP,OPO
AGP,ORK
AGP,OSR
AGP,OTP
AGP,PAD
AGP,PIK
AGP,PMI
AGP,POZ
AGP,PRG
AGP,PSA
AGP,RAK
AGP,RBA
AGP,RIX
AGP,SCQ
AGP,SDR
AGP,SNN
AGP,SOF
AGP,STN
AGP,TFS
AGP,TNG
AGP,TRF
AGP,TRN
AGP,TSF
AGP,TTU
AGP,VIE
AGP,VIT
AGP,VLC
AGP,VST
AGP,WMI
AGP,WRO
AGP,ZAG
AHO,BCN
AHO,BGY
AHO,BLL
AHO,BLQ
AHO,BOD
AHO,BRI
AHO,BTS
AHO,BUD
AHO,CRL
AHO,CTA
AHO,DUB
AHO,FMM
AHO,HHN
AHO,KTW
AHO,MAD
AHO,MXP
AHO,NAP
AHO,ORK
AHO,PMO
AHO,PSA
AHO,PSR
AHO,STN
AHO,VCE
ALC,ABZ
ALC,ACE
ALC,ARN
ALC,BCN
ALC,BER
ALC,BFS
ALC,BGY
ALC,BHX
ALC,BLL
ALC,BLQ
ALC,BOD
ALC,BOH
ALC,BRE
ALC,BRI
ALC,BRS
ALC,BUD
ALC,BVA
ALC,CGN
ALC,CPH
ALC,CRL
ALC,CWL
ALC,DUB
ALC,EDI
ALC,EIN
ALC,EMA
ALC,EXT
ALC,FCO
ALC,FEZ
ALC,FKB
ALC,FMM
ALC,FMO
ALC,GDN
ALC,GLA
ALC,GOT
ALC,HAM
ALC,HEL
ALC,HHN
ALC,IBZ
ALC,KIR
ALC,KLU
ALC,KRK
ALC,KTW
ALC,KUN
ALC,LBA
ALC,LCJ
ALC,LGW
ALC,LIS
ALC,LPL
ALC,LTN
ALC,MAH
ALC,MAN
ALC,MME
ALC,MRS
ALC,MST
ALC,MXP
ALC,NCL
ALC,NOC
ALC,NQY
ALC,NRN
ALC,NUE
ALC,NWI
ALC,OPO
ALC,ORK
ALC,PAD
ALC,PED
ALC,PIK
ALC,PMI
ALC,POZ
ALC,RAK
ALC,RZE
ALC,SCQ
ALC,SDR
ALC,SNN
ALC,SOF
ALC,STN
ALC,SVQ
ALC,TFN
ALC,TLS
ALC,TRF
ALC,TRN
ALC,TSF
ALC,TTU
ALC,VIE
ALC,VIT
ALC,VST
ALC,VXO
ALC,WAW
ALC,WMI
ALC,WRO
ALC,ZAG
AMM,BGY
AMM,BLQ
AMM,BUD
AMM,BVA
AMM,CIA
AMM,CRL
AMM,FMM
AMM,KRK
AMM,MAD
AMM,MRS
AMM,OTP
AMM,PFO
AMM,POZ
AMM,PRG
AMM,PSA
AMM,TSF
AMM,VIE
AMM,WMI
AMS,AGP
AMS,DUB
AOI,CRL
AOI,CTA
AOI,KRK
AOI,NRN
AOI,STN
AQJ,CGN
AQJ,CRL
AQJ,SOF
ARN,AGP
ARN,ALC
ARN,BCN
ARN,BDS
ARN,BGY
ARN,BHX
ARN,BLQ
ARN,BNX
ARN,BUD
ARN,BVA
ARN,BZR
ARN,CFU
ARN,CGN
ARN,CHQ
ARN,CRL
ARN,DBV
ARN,DUB
ARN,FCO
ARN,FKB
ARN,GDN
ARN,INI
ARN,KRK
ARN,KUN
ARN,LPL
ARN,MLA
ARN,OPO
ARN,PMI
ARN,POZ
ARN,PSA
ARN,RAK
ARN,RHO
ARN,RIX
ARN,RJK
ARN,SKG
ARN,STN
ARN,TIA
ARN,TLL
ARN,TRN
ARN,TSF
ARN,VCE
ARN,VIE
ARN,VLC
ARN,VNO
ARN,WMI
ARN,WRO
ARN,ZAD
ATH,BER
ATH,BGY
ATH,BLQ
ATH,BRI
ATH,BUD
ATH,CFU
ATH,CGN
ATH,CHQ
ATH,CRL
ATH,CTA
ATH,DUB
ATH,FCO
ATH,JTR
ATH,KRK
ATH,KTW
ATH,LTN
ATH,MLA
ATH,MXP
ATH,PFO
ATH,STN
ATH,TLV
ATH,VIE
ATH,VNO
ATH,WMI
ATH,WRO
BCN,ACE
BCN,AGP
BCN,AHO
BCN,ALC
BCN,ARN
BCN,BER
BCN,BGY
BCN,BHX
BCN,BLL
BCN,BLQ
BCN,BOD
BCN,BRS
BCN,BRU
BCN,BUD
BCN,BVA
BCN,CFU
BCN,CGN
BCN,CPH
BCN,CRL
BCN,DUB
BCN,EDI
BCN,EMA
BCN,FAO
BCN,FCO
BCN,FEZ
BCN,FUE
BCN,GDN
BCN,HHN
BCN,IBZ
BCN,KRK
BCN,LIS
BCN,LPA
BCN,LPL
BCN,LTN
BCN,LUX
BCN,MAH
BCN,MAN
BCN,MLA
BCN,MXP
BCN,NAP
BCN,NCL
BCN,NDR
BCN,OPO
BCN,ORK
BCN,OUD
BCN,OZZ
BCN,PEG
BCN,PIK
BCN,PIS
BCN,PMI
BCN,PMO
BCN,PRG
BCN,RAK
BCN,RBA
BCN,REG
BCN,RIX
BCN,SCQ
BCN,SOF
BCN,STN
BCN,SVQ
BCN,TFN
BCN,TFS
BCN,TLL
BCN,TNG
BCN,TRN
BCN,TRS
BCN,VCE
BCN,VGO
BCN,VIE
BCN,VLL
BCN,VNO
BCN,WMI
BCN,XRY
BCN,ZAD
BDS,ARN
BDS,BGY
BDS,BLQ
BDS,BVA
BDS,CRL
BDS,DUB
BDS,EIN
BDS,FCO
BDS,FMM
BDS,GDN
BDS,GOA
BDS,MAD
BDS,MAN
BDS,MXP
BDS,PEG
BDS,PMO
BDS,PSA
BDS,STN
BDS,TRN
BDS,TRS
BDS,VCE
BDS,VRN
BDS,WRO
BEM,BGY
BEM,GRO
BER,ACE
BER,AGP
BER,ALC
BER,ATH
BER,BCN
BER,BGY
BER,BHX
BER,BLQ
BER,BRI
BER,BRU
BER,BUD
BER,CDT
BER,CFU
BER,CHQ
BER,CTA
BER,DBV
BER,DUB
BER,EDI
BER,EMA
BER,FAO
BER,FCO
BER,FUE
BER,HER
BER,IBZ
BER,KGS
BER,KRK
BER,KUN
BER,LIS
BER,LPA
BER,LUX
BER,MAD
BER,MAN
BER,MRS
BER,MXP
BER,OPO
BER,OTP
BER,PFO
BER,PMI
BER,PMO
BER,PSA
BER,RAK
BER,REG
BER,RHO
BER,RIX
BER,SKG
BER,SOF
BER,STN
BER,TFS
BER,TGD
BER,TLL
BER,TLV
BER,TRS
BER,TSF
BER,VCE
BER,VLC
BER,VNO
BER,ZAD
BFS,ACE
BFS,AGP
BFS,ALC
BFS,BGY
BFS,BUD
BFS,BVA
BFS,EDI
BFS,EMA
BFS,FAO
BFS,GDN
BFS,GRO
BFS,KRK
BFS,KUN
BFS,MAN
BFS,MLA
BFS,OPO
BFS,PMI
BFS,STN
BFS,TRN
BFS,VLC
BGY,ACE
BGY,AGA
BGY,AGP
BGY,AHO
BGY,ALC
BGY,AMM
BGY,ARN
BGY,ATH
BGY,BCN
BGY,BDS
BGY,BEM
BGY,BER
BGY,BFS
BGY,BHX
BGY,BIQ
BGY,BLL
BGY,BOD
BGY,BRI
BGY,BRQ
BGY,BRS
BGY,BTS
BGY,BUD
BGY,BVA
BGY,CAG
BGY,CDT
BGY,CFU
BGY,CGN
BGY,CHQ
BGY,CLJ
BGY,CPH
BGY,CRL
BGY,CRV
BGY,CTA
BGY,DBV
BGY,DUB
BGY,EDI
BGY,EFL
BGY,EIN
BGY,EMA
BGY,FAO
BGY,FEZ
BGY,FKB
BGY,FUE
BGY,GDN
BGY,GOT
BGY,HAM
BGY,HEL
BGY,HER
BGY,HHN
BGY,IAS
BGY,IBZ
BGY,JSI
BGY,JTR
BGY,KGS
BGY,KLX
BGY,KRK
BGY,KTW
BGY,KUN
BGY,LCJ
BGY,LDE
BGY,LIS
BGY,LPA
BGY,LPL
BGY,LPP
BGY,LUX
BGY,LUZ
BGY,MAD
BGY,MAH
BGY,MAN
BGY,MLA
BGY,MRS
BGY,NAP
BGY,NCL
BGY,NOC
BGY,NRN
BGY,OLB
BGY,OPO
BGY,ORK
BGY,OTP
BGY,PFO
BGY,PMI
BGY,PMO
BGY,POZ
BGY,PRG
BGY,PSR
BGY,PVK
BGY,RAK
BGY,RHO
BGY,RIX
BGY,RVN
BGY,SCQ
BGY,SDR
BGY,SJJ
BGY,SKG
BGY,SOF
BGY,STN
BGY,SUF
BGY,SVQ
BGY,TFS
BGY,TIA
BGY,TLL
BGY,TLS
BGY,TLV
BGY,TNG
BGY,TPS
BGY,TRF
BGY,VIE
BGY,VIT
BGY,VLC
BGY,VNO
BGY,WMI
BGY,WRO
BGY,ZAD
BGY,ZAG
BGY,ZAZ
BGY,ZTH
BHX,ACE
BHX,AGA
BHX,AGP
BHX,ALC
BHX,ARN
BHX,BCN
BHX,BER
BHX,BGY
BHX,BOD
BHX,BUD
BHX,BVA
BHX,BZG
BHX,CFU
BHX,CGN
BHX,CHQ
BHX,DTM
BHX,DUB
BHX,FAO
BHX,FUE
BHX,GNB
BHX,GRO
BHX,HHN
BHX,IBZ
BHX,KRK
BHX,LCJ
BHX,LDY
BHX,LIS
BHX,LPA
BHX,MAD
BHX,MLA
BHX,NOC
BHX,OPO
BHX,ORK
BHX,OTP
BHX,PDV
BHX,PFO
BHX,PGF
BHX,PMI
BHX,POZ
BHX,PSA
BHX,RAK
BHX,REU
BHX,RHO
BHX,RMU
BHX,SDR
BHX,SNN
BHX,SOF
BHX,SVQ
BHX,TFS
BHX,TIA
BHX,TLS
BHX,TRN
BHX,TSF
BHX,VCE
BHX,VLC
BHX,VRN
BHX,WMI
BHX,ZAD
BIQ,BGY
BIQ,CRL
BIQ,DUB
BIQ,EDI
BIQ,STN
BJV,DUB
BLL,AGP
BLL,AHO
BLL,ALC
BLL,BCN
BLL,BGY
BLL,BLQ
BLL,BRI
BLL,BUD
BLL,CRL
BLL,DUB
BLL,EDI
BLL,FCO
BLL,GDN
BLL,KRK
BLL,MAD
BLL,MAN
BLL,MLA
BLL,OPO
BLL,PMI
BLL,POZ
BLL,PSA
BLL,STN
BLL,SVQ
BLL,TLL
BLL,TPS
BLL,TSF
BLL,VIE
BLL,VLC
BLL,VNO
BLL,WRO
BLQ,ACE
BLQ,AGP
BLQ,AHO
BLQ,ALC
BLQ,AMM
BLQ,ARN
BLQ,ATH
BLQ,BCN
BLQ,BDS
BLQ,BER
BLQ,BLL
BLQ,BRI
BLQ,BUD
BLQ,BVA
BLQ,CAG
BLQ,CFU
BLQ,CGN
BLQ,CHQ
BLQ,CPH
BLQ,CRL
BLQ,CRV
BLQ,CTA
BLQ,DUB
BLQ,EDI
BLQ,EIN
BLQ,FEZ
BLQ,FUE
BLQ,HER
BLQ,IBZ
BLQ,JMK
BLQ,KGS
BLQ,KRK
BLQ,LIS
BLQ,LPA
BLQ,LTN
BLQ,MAD
BLQ,MAH
BLQ,MAN
BLQ,MLA
BLQ,MRS
BLQ,OLB
BLQ,OPO
BLQ,OTP
BLQ,PMI
BLQ,PMO
BLQ,PRG
BLQ,PVK
BLQ,REG
BLQ,RHO
BLQ,SCQ
BLQ,SDR
BLQ,SKG
BLQ,SOF
BLQ,STN
BLQ,SUF
BLQ,SVQ
BLQ,TFS
BLQ,TIA
BLQ,TLS
BLQ,TLV
BLQ,TPS
BLQ,VIE
BLQ,VLC
BLQ,WMI
BLQ,WRO
BLQ,ZAD
BLQ,ZAZ
BNX,ARN
BNX,CRL
BNX,FKB
BNX,FMM
BNX,GOT
BNX,VIE
BOD,AGA
BOD,AGP
BOD,AHO
BOD,ALC
BOD,BCN
BOD,BGY
BOD,BHX
BOD,BRI
BOD,CRL
BOD,DUB
BOD,EDI
BOD,FAO
BOD,FCO
BOD,FEZ
BOD,FSC
BOD,IBZ
BOD,KRK
BOD,LIS
BOD,MAD
BOD,MAH
BOD,MAN
BOD,MLA
BOD,MRS
BOD,NAP
BOD,OPO
BOD,ORK
BOD,PFO
BOD,PMI
BOD,PRG
BOD,PSA
BOD,RAK
BOD,STN
BOD,SVQ
BOD,TFS
BOD,TNG
BOD,TPS
BOD,VCE
BOD,VLC
BOD,ZAD
BOH,ACE
BOH,AGA
BOH,AGP
BOH,ALC
BOH,BUD
BOH,CCF
BOH,EDI
BOH,EGC
BOH,FAO
BOH,GRO
BOH,KRK
BOH,LPA
BOH,MLA
BOH,NTE
BOH,PMI
BOH,RMU
BOH,TFS
BOH,VCE
BOH,WRO
BOH,ZAD
BOJ,BTS
BOJ,BUD
BOJ,DUB
BOJ,GDN
BOJ,KRK
BOJ,KUN
BOJ,LTN
BOJ,POZ
BOJ,VIE
BOJ,WMI
BRE,ACE
BRE,AGP
BRE,ALC
BRE,PMI
BRE,STN
BRE,ZAD
BRI,AGP
BRI,AHO
BRI,ALC
BRI,ATH
BRI,BER
BRI,BGY
BRI,BLL
BRI,BLQ
BRI,BOD
BRI,BUD
BRI,BVA
BRI,CAG
BRI,CHQ
BRI,CRL
BRI,CTA
BRI,DBV
BRI,DUB
BRI,EDI
BRI,FCO
BRI,FKB
BRI,GOA
BRI,GRO
BRI,HHN
BRI,IBZ
BRI,JSI
BRI,JTR
BRI,KGS
BRI,KRK
BRI,KTW
BRI,KUN
BRI,MAD
BRI,MLA
BRI,MRS
BRI,MST
BRI,MXP
BRI,NRN
BRI,NUE
BRI,OPO
BRI,PMO
BRI,POZ
BRI,PRG
BRI,PSA
BRI,RHO
BRI,SOF
BRI,STN
BRI,SVQ
BRI,TIA
BRI,TLS
BRI,TLV
BRI,TRN
BRI,TRS
BRI,VCE
BRI,VIE
BRI,VLC
BRI,VRN
BRI,WMI
BRI,ZTH
BRQ,BGY
BRQ,STN
BRS,ACE
BRS,AGP
BRS,ALC
BRS,BCN
BRS,BGY
BRS,BUD
BRS,BZG
BRS,BZR
BRS,CGN
BRS,CPH
BRS,DUB
BRS,EGC
BRS,FAO
BRS,FUE
BRS,GDN
BRS,GNB
BRS,GRO
BRS,HHN
BRS,IBZ
BRS,KRK
BRS,KUN
BRS,LIG
BRS,LPA
BRS,MAD
BRS,MRS
BRS,NOC
BRS,OPO
BRS,OTP
BRS,PMI
BRS,POZ
BRS,PRG
BRS,RAK
BRS,RZE
BRS,SOF
BRS,TFS
BRS,TIA
BRS,TRN
BRS,VCE
BRS,VLC
BRS,WRO
BRU,AGP
BRU,BCN
BRU,BER
BRU,DUB
BRU,FCO
BRU,GRO
BRU,MAD
BRU,OPO
BRU,PMI
BRU,PSA
BRU,RAK
BRU,VLC
BSL,DUB
BSL,STN
BSL,ZAG
BTS,ACE
BTS,AHO
BTS,BGY
BTS,BOJ
BTS,CFU
BTS,CIA
BTS,CRL
BTS,DLM
BTS,DUB
BTS,EDI
BTS,EIN
BTS,KUN
BTS,LBA
BTS,MAN
BTS,MLA
BTS,PFO
BTS,PMI
BTS,SKG
BTS,SOF
BTS,STN
BTS,TPS
BUD,ACE
BUD,AGP
BUD,AHO
BUD,ALC
BUD,AMM
BUD,ARN
BUD,ATH
BUD,BCN
BUD,BER
BUD,BFS
BUD,BGY
BUD,BHX
BUD,BLL
BUD,BLQ
BUD,BOH
BUD,BOJ
BUD,BRI
BUD,BRS
BUD,BVA
BUD,CAG
BUD,CFU
BUD,CHQ
BUD,CIA
BUD,CPH
BUD,CRL
BUD,CTA
BUD,DUB
BUD,EDI
BUD,EMA
BUD,FAO
BUD,GOT
BUD,HHN
BUD,JMK
BUD,JSI
BUD,LIS
BUD,LPA
BUD,LPL
BUD,MAD
BUD,MAN
BUD,MLA
BUD,MRS
BUD,MXP
BUD,NAP
BUD,NUE
BUD,OPO
BUD,PFO
BUD,PMI
BUD,PMO
BUD,PRG
BUD,PSA
BUD,PVK
BUD,RHO
BUD,RMI
BUD,SKG
BUD,SNN
BUD,SOF
BUD,STN
BUD,SVQ
BUD,TFS
BUD,TIA
BUD,TLS
BUD,TLV
BUD,TRS
BUD,TSF
BUD,VLC
BUD,WMI
BUD,ZAD
BUD,ZTH
BVA,AGA
BVA,AGP
BVA,ALC
BVA,AMM
BVA,ARN
BVA,BCN
BVA,BDS
BVA,BFS
BVA,BGY
BVA,BHX
BVA,BLQ
BVA,BRI
BVA,BUD
BVA,BZR
BVA,CAG
BVA,CLJ
BVA,CPH
BVA,CTA
BVA,DBV
BVA,DUB
BVA,EDI
BVA,FAO
BVA,FCO
BVA,FEZ
BVA,FNC
BVA,FSC
BVA,GDN
BVA,GRO
BVA,HEL
BVA,IAS
BVA,IBZ
BVA,KRK
BVA,LBA
BVA,LIS
BVA,MAD
BVA,MAN
BVA,MLA
BVA,MXP
BVA,NAP
BVA,NDR
BVA,OLB
BVA,OPO
BVA,ORK
BVA,OTP
BVA,OUD
BVA,PFO
BVA,PMI
BVA,PMO
BVA,POZ
BVA,PRG
BVA,PSA
BVA,RAK
BVA,RBA
BVA,RIX
BVA,RVN
BVA,SDR
BVA,SKG
BVA,SOF
BVA,SVQ
BVA,TFS
BVA,TIA
BVA,TNG
BVA,TRN
BVA,TRS
BVA,TSF
BVA,VIE
BVA,VLC
BVA,VNO
BVA,WMI
BVA,WRO
BVA,ZAD
BVA,ZAG
BVA,ZAZ
BVE,OPO
BVE,STN
BVE,SVQ
BZG,BHX
BZG,BRS
BZG,DUB
BZG,LTN
BZG,STN
BZR,ARN
BZR,BRS
BZR,BVA
BZR,CRL
BZR,EDI
BZR,LTN
BZR,MAN
BZR,NRN
BZR,SNN
BZR,STN
CAG,BGY
CAG,BLQ
CAG,BRI
CAG,BUD
CAG,BVA
CAG,CCF
CAG,CIA
CAG,CRL
CAG,CTA
CAG,CUF
CAG,DUB
CAG,FKB
CAG,GOA
CAG,GOT
CAG,HHN
CAG,KRK
CAG,MAD
CAG,MLA
CAG,MXP
CAG,NAP
CAG,NRN
CAG,NUE
CAG,OPO
CAG,PEG
CAG,PMF
CAG,PMI
CAG,PMO
CAG,POZ
CAG,PSA
CAG,RMI
CAG,STN
CAG,SVQ
CAG,TRN
CAG,TRS
CAG,VCE
CAG,VIE
CAG,VLC
CAG,VRN
CCF,BOH
CCF,CAG
CCF,CRL
CCF,DUB
CCF,EMA
CCF,MAN
CCF,OPO
CCF,ORK
CCF,STN
CCF,TNG
CDT,BER
CDT,BGY
CDT,CRL
CDT,NRN
CDT,OPO
CDT,STN
CFE,FEZ
CFE,OPO
CFU,AAR
CFU,ARN
CFU,ATH
CFU,BCN
CFU,BER
CFU,BGY
CFU,BHX
CFU,BLQ
CFU,BTS
CFU,BUD
CFU,CGN
CFU,CIA
CFU,CRL
CFU,DUB
CFU,EDI
CFU,EMA
CFU,FKB
CFU,FMM
CFU,FMO
CFU,GDN
CFU,INI
CFU,KRK
CFU,LPL
CFU,MAN
CFU,MME
CFU,MRS
CFU,MXP
CFU,NAP
CFU,NRN
CFU,NUE
CFU,OTP
CFU,POZ
CFU,PRG
CFU,PSA
CFU,SKG
CFU,SNN
CFU,SOF
CFU,STN
CFU,TLS
CFU,TRN
CFU,TSF
CFU,VIE
CFU,VNO
CFU,VRN
CFU,WMI
CFU,WRO
CFU,ZAG
CGN,ACE
CGN,AGA
CGN,AGP
CGN,ALC
CGN,AQJ
CGN,ARN
CGN,ATH
CGN,BCN
CGN,BGY
CGN,BHX
CGN,BLQ
CGN,BRS
CGN,CFU
CGN,CPH
CGN,DUB
CGN,EDI
CGN,FAO
CGN,FCO
CGN,FUE
CGN,GLA
CGN,KUN
CGN,LIS
CGN,LPA
CGN,MAN
CGN,MLA
CGN,NOC
CGN,OPO
CGN,PFO
CGN,PMI
CGN,PMO
CGN,RAK
CGN,RIX
CGN,SOF
CGN,STN
CGN,SVQ
CGN,TFS
CGN,VCE
CGN,VIE
CGN,VIT
CGN,VLC
CGN,ZAD
CHQ,ARN
CHQ,ATH
CHQ,BER
CHQ,BGY
CHQ,BHX
CHQ,BLQ
CHQ,BRI
CHQ,BUD
CHQ,CRL
CHQ,DUB
CHQ,EMA
CHQ,FCO
CHQ,FMM
CHQ,GDN
CHQ,HHN
CHQ,KRK
CHQ,LBA
CHQ,MAN
CHQ,MLA
CHQ,MRS
CHQ,NAP
CHQ,NCL
CHQ,NRN
CHQ,NUE
CHQ,OTP
CHQ,PFO
CHQ,POZ
CHQ,PSA
CHQ,SKG
CHQ,SOF
CHQ,STN
CHQ,TSF
CHQ,VIE
CHQ,WMI
CHQ,WRO
CIA,AMM
CIA,BTS
CIA,BUD
CIA,CAG
CIA,CFU
CIA,CRL
CIA,EDI
CIA,EMA
CIA,FEZ
CIA,GDN
CIA,KRK
CIA,LDE
CIA,LPL
CIA,MAN
CIA,OPO
CIA,ORK
CIA,OTP
CIA,PFO
CIA,POZ
CIA,PRG
CIA,RAK
CIA,RBA
CIA,RHO
CIA,RIX
CIA,SKG
CIA,SOF
CIA,STN
CIA,SVQ
CIA,TIA
CIA,TLL
CIA,TNG
CIA,VNO
CIA,WMI
CIA,WRO
CLJ,BGY
CLJ,BVA
CLJ,CRL
CLJ,DUB
CLJ,STN
CPH,AGP
CPH,ALC
CPH,BCN
CPH,BGY
CPH,BLQ
CPH,BRS
CPH,BUD
CPH,BVA
CPH,CGN
CPH,DUB
CPH,EDI
CPH,FAO
CPH,FCO
CPH,GDN
CPH,KRK
CPH,KUN
CPH,MAD
CPH,MAN
CPH,NAP
CPH,NRN
CPH,OLB
CPH,OPO
CPH,PMI
CPH,POZ
CPH,PRG
CPH,PSA
CPH,SKG
CPH,SOF
CPH,STN
CPH,TRN
CPH,TSF
CPH,VCE
CPH,VIE
CPH,WMI
CPH,ZAD
CRL,ACE
CRL,AGA
CRL,AGP
CRL,AHO
CRL,ALC
CRL,AMM
CRL,AOI
CRL,AQJ
CRL,ARN
CRL,ATH
CRL,BCN
CRL,BDS
CRL,BGY
CRL,BIQ
CRL,BLL
CRL,BLQ
CRL,BNX
CRL,BOD
CRL,BRI
CRL,BTS
CRL,BUD
CRL,BZR
CRL,CAG
CRL,CCF
CRL,CDT
CRL,CFU
CRL,CHQ
CRL,CIA
CRL,CLJ
CRL,CTA
CRL,DBV
CRL,DUB
CRL,EDI
CRL,EGC
CRL,ESU
CRL,FAO
CRL,FEZ
CRL,FNC
CRL,FNI
CRL,FSC
CRL,FUE
CRL,GLA
CRL,GOA
CRL,GOT
CRL,GRO
CRL,HEL
CRL,HER
CRL,IAS
CRL,IBZ
CRL,KRK
CRL,KUN
CRL,LCJ
CRL,LDE
CRL,LEI
CRL,LIS
CRL,LPA
CRL,LRH
CRL,MAD
CRL,MAH
CRL,MAN
CRL,MLA
CRL,MRS
CRL,NAP
CRL,NDR
CRL,NTE
CRL,OLB
CRL,OPO
CRL,ORK
CRL,OTP
CRL,OUD
CRL,OVD
CRL,PDL
CRL,PEG
CRL,PFO
CRL,PGF
CRL,PMI
CRL,PMO
CRL,POZ
CRL,PRG
CRL,PSA
CRL,PSR
CRL,PUY
CRL,RAK
CRL,RBA
CRL,RDZ
CRL,REU
CRL,RHO
CRL,RIX
CRL,RJK
CRL,RVN
CRL,SCQ
CRL,SDR
CRL,SJJ
CRL,SKG
CRL,SOF
CRL,SUF
CRL,SVQ
CRL,TFS
CRL,TGD
CRL,TIA
CRL,TLS
CRL,TLV
CRL,TNG
CRL,TPS
CRL,TRN
CRL,TRS
CRL,TSF
CRL,TTU
CRL,VIE
CRL,VIT
CRL,VLC
CRL,VRN
CRL,WAW
CRL,WMI
CRL,WRO
CRL,ZAD
CRL,ZAG
CRL,ZAZ
CRV,BGY
CRV,BLQ
CRV,TRN
CRV,TSF
CTA,AHO
CTA,AOI
CTA,ATH
CTA,BER
CTA,BGY
CTA,BLQ
CTA,BRI
CTA,BUD
CTA,BVA
CTA,CAG
CTA,CRL
CTA,EIN
CTA,FCO
CTA,GOA
CTA,HER
CTA,HHN
CTA,KRK
CTA,KTW
CTA,LTN
CTA,MAD
CTA,MLA
CTA,MRS
CTA,MXP
CTA,NAP
CTA,OTP
CTA,PEG
CTA,PRG
CTA,PSA
CTA,PSR
CTA,RHO
CTA,SOF
CTA,STN
CTA,SVQ
CTA,TIA
CTA,TRN
CTA,TRS
CTA,VCE
CTA,VIE
CTA,VRN
CTA,WMI
CUF,CAG
CUF,PMO
CWL,AGP
CWL,ALC
CWL,DUB
CWL,FAO
CWL,TFS
DBV,ARN
DBV,BER
DBV,BGY
DBV,BRI
DBV,BVA
DBV,CRL
DBV,DUB
DBV,FCO
DBV,FKB
DBV,FMM
DBV,HEL
DBV,KRK
DBV,MAN
DBV,NRN
DBV,POZ
DBV,STN
DBV,TRF
DBV,VIE
DBV,WRO
DLE,FEZ
DLE,OPO
DLE,RAK
DLM,BTS
DLM,DUB
DRS,PMI
DTM,AGP
DTM,BHX
DTM,KRK
DTM,KTW
DTM,OPO
DTM,PMI
DTM,SKG
DTM,STN
DUB,ACE
DUB,AGA
DUB,AGP
DUB,AHO
DUB,ALC
DUB,AMS
DUB,ARN
DUB,ATH
DUB,BCN
DUB,BDS
DUB,BER
DUB,BGY
DUB,BHX
DUB,BIQ
DUB,BJV
DUB,BLL
DUB,BLQ
DUB,BOD
DUB,BOJ
DUB,BRI
DUB,BRS
DUB,BRU
DUB,BSL
DUB,BTS
DUB,BUD
DUB,BVA
DUB,BZG
DUB,CAG
DUB,CCF
DUB,CFU
DUB,CGN
DUB,CHQ
DUB,CLJ
DUB,CPH
DUB,CRL
DUB,CWL
DUB,DBV
DUB,DLM
DUB,EDI
DUB,EIN
DUB,EMA
DUB,FAO
DUB,FCO
DUB,FMM
DUB,FNC
DUB,FNI
DUB,FUE
DUB,GDN
DUB,GLA
DUB,GNB
DUB,GRO
DUB,HAM
DUB,HHN
DUB,IAS
DUB,IBZ
DUB,JTR
DUB,KGS
DUB,KIR
DUB,KRK
DUB,KSC
DUB,KTW
DUB,KUN
DUB,LBA
DUB,LCJ
DUB,LDE
DUB,LGW
DUB,LIS
DUB,LPA
DUB,LPL
DUB,LRH
DUB,LTN
DUB,LUX
DUB,LUZ
DUB,MAD
DUB,MAH
DUB,MAN
DUB,MLA
DUB,MRS
DUB,MXP
DUB,NAP
DUB,NCE
DUB,NCL
DUB,NQY
DUB,NTE
DUB,OLB
DUB,OPO
DUB,OTP
DUB,PFO
DUB,PLQ
DUB,PMI
DUB,PMO
DUB,POZ
DUB,PRG
DUB,PSA
DUB,RAK
DUB,RDZ
DUB,REU
DUB,RHO
DUB,RIX
DUB,RMU
DUB,RVN
DUB,RZE
DUB,SCQ
DUB,SDR
DUB,SKG
DUB,SOF
DUB,SPU
DUB,STN
DUB,SVQ
DUB,SZG
DUB,SZZ
DUB,TFS
DUB,TLL
DUB,TLS
DUB,TRN
DUB,TRS
DUB,VCE
DUB,VIE
DUB,VLC
DUB,VNO
DUB,VRN
DUB,WMI
DUB,WRO
DUB,ZAD
DUB,ZAG
DUB,ZTH
EDI,ACE
EDI,AGA
EDI,AGP
EDI,ALC
EDI,BCN
EDI,BER
EDI,BFS
EDI,BGY
EDI,BIQ
EDI,BLL
EDI,BLQ
EDI,BOD
EDI,BOH
EDI,BRI
EDI,BTS
EDI,BUD
EDI,BVA
EDI,BZR
EDI,CFU
EDI,CGN
EDI,CIA
EDI,CPH
EDI,CRL
EDI,DUB
EDI,EGC
EDI,EIN
EDI,FAO
EDI,FKB
EDI,FMM
EDI,FUE
EDI,GDN
EDI,GOT
EDI,HAM
EDI,IBZ
EDI,KRK
EDI,KUN
EDI,LIS
EDI,LPA
EDI,MAD
EDI,MLA
EDI,MRS
EDI,NAP
EDI,NOC
EDI,NQY
EDI,NRN
EDI,NTE
EDI,OPO
EDI,ORK
EDI,OTP
EDI,PIS
EDI,PMI
EDI,PMO
EDI,POZ
EDI,PRG
EDI,PSA
EDI,RAK
EDI,RHO
EDI,RIX
EDI,SDR
EDI,SNN
EDI,SOF
EDI,STN
EDI,SVQ
EDI,TFS
EDI,TIA
EDI,TLS
EDI,VCE
EDI,VIE
EDI,VLC
EDI,WMI
EDI,WRO
EDI,ZAD
EFL,BGY
EFL,FCO
EFL,PSA
EFL,STN
EFL,VIE
EGC,BOH
EGC,BRS
EGC,CRL
EGC,EDI
EGC,EMA
EGC,LPL
EGC,STN
EIN,AGP
EIN,ALC
EIN,BDS
EIN,BGY
EIN,BLQ
EIN,BTS
EIN,CTA
EIN,DUB
EIN,EDI
EIN,FAO
EIN,FCO
EIN,FEZ
EIN,GRO
EIN,IBZ
EIN,KRK
EIN,LIS
EIN,MAD
EIN,MAN
EIN,MLA
EIN,MRS
EIN,NAP
EIN,OPO
EIN,PFO
EIN,PMI
EIN,PSA
EIN,RAK
EIN,REU
EIN,SKG
EIN,SOF
EIN,STN
EIN,SVQ
EIN,TFS
EIN,TNG
EIN,TSF
EIN,VIE
EIN,VLC
EIN,VNO
EIN,WMI
EIN,ZAD
EIN,ZAG
EMA,ACE
EMA,AGP
EMA,ALC
EMA,BCN
EMA,BER
EMA,BFS
EMA,BGY
EMA,BUD
EMA,CCF
EMA,CFU
EMA,CHQ
EMA,CIA
EMA,DUB
EMA,EGC
EMA,FAO
EMA,FUE
EMA,GRO
EMA,KRK
EMA,LCJ
EMA,LIG
EMA,LPA
EMA,MAH
EMA,MLA
EMA,NOC
EMA,PMI
EMA,PRG
EMA,PSA
EMA,REU
EMA,RHO
EMA,RIX
EMA,RMU
EMA,RZE
EMA,TFS
EMA,TSF
EMA,VLC
EMA,WRO
ERH,RAK
ESU,CRL
ESU,MAD
ESU,MRS
ESU,NRN
ESU,STN
ESU,TNG
EXT,AGP
EXT,ALC
EXT,FAO
EXT,PMI
FAO,AAR
FAO,ABZ
FAO,BCN
FAO,BER
FAO,BFS
FAO,BGY
FAO,BHX
FAO,BOD
FAO,BOH
FAO,BRS
FAO,BUD
FAO,BVA
FAO,CGN
FAO,CPH
FAO,CRL
FAO,CWL
FAO,DUB
FAO,EDI
FAO,EIN
FAO,EMA
FAO,EXT
FAO,FCO
FAO,FKB
FAO,FMM
FAO,HHN
FAO,KIR
FAO,KRK
FAO,LBA
FAO,LPL
FAO,LTN
FAO,LUX
FAO,MAD
FAO,MAN
FAO,MME
FAO,MRS
FAO,NCL
FAO,NOC
FAO,NQY
FAO,NRN
FAO,NUE
FAO,NWI
FAO,OPO
FAO,ORK
FAO,PIK
FAO,RAK
FAO,SNN
FAO,STN
FAO,TLS
FAO,VIE
FCO,AGP
FCO,ALC
FCO,ARN
FCO,ATH
FCO,BCN
FCO,BDS
FCO,BER
FCO,BLL
FCO,BOD
FCO,BRI
FCO,BRU
FCO,BVA
FCO,CGN
FCO,CHQ
FCO,CPH
FCO,CTA
FCO,DBV
FCO,DUB
FCO,EFL
FCO,EIN
FCO,FAO
FCO,FMM
FCO,FUE
FCO,GOT
FCO,HHN
FCO,IBZ
FCO,JSI
FCO,JTR
FCO,KGS
FCO,KTW
FCO,LIS
FCO,LPA
FCO,MAD
FCO,MAH
FCO,MLA
FCO,MRS
FCO,OPO
FCO,ORK
FCO,OVD
FCO,PFO
FCO,PMI
FCO,PMO
FCO,PRG
FCO,PVK
FCO,SDR
FCO,SPU
FCO,SVQ
FCO,TFS
FCO,TLS
FCO,TLV
FCO,TPS
FCO,VIE
FCO,VLC
FCO,VNO
FCO,ZAG
FCO,ZTH
FEZ,AGA
FEZ,AGP
FEZ,ALC
FEZ,BCN
FEZ,BGY
FEZ,BLQ
FEZ,BOD
FEZ,BVA
FEZ,CFE
FEZ,CIA
FEZ,CRL
FEZ,DLE
FEZ,EIN
FEZ,FKB
FEZ,FNI
FEZ,HHN
FEZ,MAD
FEZ,MRS
FEZ,NRN
FEZ,NTE
FEZ,PMI
FEZ,RAK
FEZ,STN
FEZ,TLS
FEZ,VLC
FEZ,ZAZ
FKB,AGA
FKB,AGP
FKB,ALC
FKB,ARN
FKB,BGY
FKB,BNX
FKB,BRI
FKB,CAG
FKB,CFU
FKB,DBV
FKB,EDI
FKB,FAO
FKB,FEZ
FKB,GRO
FKB,LPA
FKB,OPO
FKB,PMI
FKB,PMO
FKB,SKG
FKB,SOF
FKB,STN
FKB,SUF
FKB,SVQ
FKB,TFS
FKB,TLV
FKB,TNG
FKB,TPS
FKB,VLC
FKB,ZAD
FKB,ZAG
FMM,ACE
FMM,AGP
FMM,AHO
FMM,ALC
FMM,AMM
FMM,BDS
FMM,BNX
FMM,CFU
FMM,CHQ
FMM,DBV
FMM,DUB
FMM,EDI
FMM,FAO
FMM,FCO
FMM,GLA
FMM,GRO
FMM,KRK
FMM,LPA
FMM,MAN
FMM,MLA
FMM,NAP
FMM,OPO
FMM,PFO
FMM,PMI
FMM,PMO
FMM,PSA
FMM,PSR
FMM,PUY
FMM,RHO
FMM,RIX
FMM,SCQ
FMM,SJJ
FMM,SKG
FMM,SOF
FMM,STN
FMM,SUF
FMM,TFS
FMM,TLV
FMM,TNG
FMM,VLC
FMM,ZAD
FMM,ZAG
FMO,ALC
FMO,CFU
FMO,PMI
FMO,ZAD
FNC,BVA
FNC,CRL
FNC,DUB
FNC,LIS
FNC,MAN
FNC,OPO
FNC,STN
FNI,CRL
FNI,DUB
FNI,FEZ
FNI,OPO
FNI,RAK
FNI,STN
FRL,KTW
FRL,PMO
FSC,BOD
FSC,BVA
FSC,CRL
FSC,TLS
FUE,BCN
FUE,BER
FUE,BGY
FUE,BHX
FUE,BLQ
FUE,BRS
FUE,CGN
FUE,CRL
FUE,DUB
FUE,EDI
FUE,EMA
FUE,FCO
FUE,KRK
FUE,LBA
FUE,LPL
FUE,LTN
FUE,MAD
FUE,MAN
FUE,NCL
FUE,NRN
FUE,ORK
FUE,PSA
FUE,SCQ
FUE,SNN
FUE,STN
FUE,SVQ
FUE,VIE
GDN,AAR
GDN,AGP
GDN,ALC
GDN,ARN
GDN,BCN
GDN,BDS
GDN,BFS
GDN,BGY
GDN,BLL
GDN,BOJ
GDN,BRS
GDN,BVA
GDN,CFU
GDN,CHQ
GDN,CIA
GDN,CPH
GDN,DUB
GDN,EDI
GDN,GOT
GDN,HAM
GDN,JTR
GDN,KRK
GDN,LBA
GDN,LUZ
GDN,MAN
GDN,MLA
GDN,NAP
GDN,NCL
GDN,ORK
GDN,PFO
GDN,PRG
GDN,PSA
GDN,RIX
GDN,SFT
GDN,STN
GDN,TGD
GDN,TRF
GDN,TSF
GDN,VXO
GDN,WRO
GDN,ZAD
GLA,AGP
GLA,ALC
GLA,CGN
GLA,CRL
GLA,DUB
GLA,FMM
GLA,KRK
GLA,WRO
GNB,BHX
GNB,BRS
GNB,DUB
GNB,LTN
GNB,MAN
GNB,STN
GOA,BDS
GOA,BRI
GOA,CAG
GOA,CRL
GOA,CTA
GOA,MAN
GOA,NAP
GOA,OTP
GOA,PMO
GOA,STN
GOA,SUF
GOT,AGP
GOT,ALC
GOT,BGY
GOT,BNX
GOT,BUD
GOT,CAG
GOT,CRL
GOT,EDI
GOT,FCO
GOT,GDN
GOT,KRK
GOT,KUN
GOT,MAN
GOT,PMI
GOT,PRG
GOT,PSA
GOT,RIX
GOT,SJJ
GOT,STN
GOT,VIE
GOT,WMI
GOT,ZAD
GOT,ZAG
GRO,AAL
GRO,BEM
GRO,BFS
GRO,BHX
GRO,BOH
GRO,BRI
GRO,BRS
GRO,BRU
GRO,BVA
GRO,CRL
GRO,DUB
GRO,EIN
GRO,EMA
GRO,FKB
GRO,FMM
GRO,HEL
GRO,HHN
GRO,KRK
GRO,LBA
GRO,MAN
GRO,MST
GRO,NOC
GRO,NRN
GRO,NUE
GRO,ORK
GRO,PAD
GRO,PED
GRO,POZ
GRO,PSA
GRO,PSR
GRO,RAK
GRO,RIX
GRO,SNN
GRO,STN
GRO,WRO
GRO,ZAG
HAM,AGP
HAM,ALC
HAM,BGY
HAM,DUB
HAM,EDI
HAM,GDN
HAM,OPO
HAM,PMI
HAM,STN
HAM,VLC
HAM,ZAD
HEL,ALC
HEL,BGY
HEL,BVA
HEL,CRL
HEL,DBV
HEL,GRO
HEL,SKG
HEL,STN
HEL,VCE
HEL,VIE
HEL,WMI
HEL,ZAD
HER,BER
HER,BGY
HER,BLQ
HER,CRL
HER,CTA
HER,MXP
HER,SKG
HER,VIE
HHN,AGA
HHN,AGP
HHN,AHO
HHN,ALC
HHN,BCN
HHN,BGY
HHN,BHX
HHN,BRI
HHN,BRS
HHN,BUD
HHN,CAG
HHN,CHQ
HHN,CTA
HHN,DUB
HHN,FAO
HHN,FCO
HHN,FEZ
HHN,GRO
HHN,IBZ
HHN,KIR
HHN,LPA
HHN,MAN
HHN,NDR
HHN,OPO
HHN,PMI
HHN,PMO
HHN,PSR
HHN,RAK
HHN,SKG
HHN,SOF
HHN,STN
HHN,SUF
HHN,SVQ
HHN,TFS
HHN,TSF
HHN,VLC
HHN,VNO
HHN,ZAD
HHN,ZAG
IAS,BGY
IAS,BVA
IAS,CRL
IAS,DUB
IBZ,AGP
IBZ,ALC
IBZ,BCN
IBZ,BER
IBZ,BGY
IBZ,BHX
IBZ,BLQ
IBZ,BOD
IBZ,BRI
IBZ,BRS
IBZ,BVA
IBZ,CRL
IBZ,DUB
IBZ,EDI
IBZ,EIN
IBZ,FCO
IBZ,HHN
IBZ,LBA
IBZ,LPL
IBZ,MAD
IBZ,MAN
IBZ,MRS
IBZ,NCL
IBZ,NRN
IBZ,OPO
IBZ,PSA
IBZ,SCQ
IBZ,STN
IBZ,SVQ
IBZ,TLS
IBZ,TRN
IBZ,TSF
IBZ,VIE
IBZ,VLC
INI,ARN
INI,CFU
INI,MLA
INI,VIE
JMK,BLQ
JMK,BUD
JMK,NAP
JMK,PFO
JMK,VIE
JSI,BGY
JSI,BRI
JSI,BUD
JSI,FCO
JSI,OTP
JSI,PRG
JSI,PSA
JSI,SOF
JSI,VIE
JTR,ATH
JTR,BGY
JTR,BRI
JTR,DUB
JTR,FCO
JTR,GDN
JTR,KRK
JTR,MXP
JTR,NAP
JTR,STN
JTR,VIE
KGS,BER
KGS,BGY
KGS,BLQ
KGS,BRI
KGS,DUB
KGS,FCO
KGS,MXP
KGS,NRN
KGS,PSA
KGS,STN
KGS,TSF
KGS,VIE
KGS,ZAG
KIR,ALC
KIR,DUB
KIR,FAO
KIR,HHN
KIR,LTN
KIR,MAN
KIR,STN
KLU,ALC
KLU,PMI
KLU,STN
KLX,BGY
KLX,STN
KLX,VIE
KRK,AGA
KRK,AGP
KRK,ALC
KRK,AMM
KRK,AOI
KRK,ARN
KRK,ATH
KRK,BCN
KRK,BER
KRK,BFS
KRK,BGY
KRK,BHX
KRK,BLL
KRK,BLQ
KRK,BOD
KRK,BOH
KRK,BOJ
KRK,BRI
KRK,BRS
KRK,BVA
KRK,CAG
KRK,CFU
KRK,CHQ
KRK,CIA
KRK,CPH
KRK,CRL
KRK,CTA
KRK,DBV
KRK,DTM
KRK,DUB
KRK,EDI
KRK,EIN
KRK,EMA
KRK,FAO
KRK,FMM
KRK,FUE
KRK,GDN
KRK,GLA
KRK,GOT
KRK,GRO
KRK,JTR
KRK,LBA
KRK,LDE
KRK,LIL
KRK,LIS
KRK,LPA
KRK,LPL
KRK,LTN
KRK,MAD
KRK,MAN
KRK,MLA
KRK,MRS
KRK,NAP
KRK,NCL
KRK,OLB
KRK,OPO
KRK,PEG
KRK,PFO
KRK,PMI
KRK,PMO
KRK,PRG
KRK,PSA
KRK,PSR
KRK,RHO
KRK,RIX
KRK,RMI
KRK,SKG
KRK,SNN
KRK,STN
KRK,SUF
KRK,SVQ
KRK,SZZ
KRK,TFS
KRK,TGD
KRK,TIA
KRK,TLS
KRK,TLV
KRK,TRF
KRK,TRN
KRK,TRS
KRK,TSF
KRK,VAR
KRK,VIE
KRK,VLC
KRK,ZAD
KSC,DUB
KSC,LPL
KSC,PRG
KSC,STN
KSC,ZAD
KTW,AHO
KTW,ALC
KTW,ATH
KTW,BGY
KTW,BRI
KTW,CTA
KTW,DTM
KTW,DUB
KTW,FCO
KTW,FRL
KTW,MAN
KTW,MLA
KTW,OSL
KTW,PFO
KTW,PUY
KTW,STN
KTW,TPS
KTW,TSF
KTW,VAR
KTW,ZAD
KUN,AGP
KUN,ALC
KUN,ARN
KUN,BER
KUN,BFS
KUN,BGY
KUN,BOJ
KUN,BRI
KUN,BRS
KUN,BTS
KUN,CGN
KUN,CPH
KUN,CRL
KUN,DUB
KUN,EDI
KUN,GOT
KUN,LPL
KUN,LTN
KUN,MAD
KUN,NAP
KUN,PFO
KUN,PMI
KUN,PSA
KUN,RHO
KUN,RMI
KUN,SNN
KUN,STN
KUN,WMI
KUN,ZAD
LBA,ACE
LBA,AGP
LBA,ALC
LBA,BTS
LBA,BVA
LBA,CHQ
LBA,DUB
LBA,FAO
LBA,FUE
LBA,GDN
LBA,GRO
LBA,IBZ
LBA,KRK
LBA,LIG
LBA,OPO
LBA,OTP
LBA,PGF
LBA,PMI
LBA,POZ
LBA,RAK
LBA,REU
LBA,RIX
LBA,TFS
LBA,WMI
LBA,WRO
LBA,ZAD
LCA,VIE
LCJ,AGP
LCJ,ALC
LCJ,BGY
LCJ,BHX
LCJ,CRL
LCJ,DUB
LCJ,EMA
LCJ,STN
LDE,BGY
LDE,CIA
LDE,CRL
LDE,DUB
LDE,KRK
LDE,MLA
LDE,STN
LDY,BHX
LDY,MAN
LEI,CRL
LEI,MAN
LEI,STN
LEJ,STN
LGW,ALC
LGW,DUB
LGW,ORK
LGW,SNN
LIG,BRS
LIG,EMA
LIG,LBA
LIG,MAN
LIG,MRS
LIG,RAK
LIG,STN
LIL,KRK
LIL,MRS
LIL,OPO
LIS,AGA
LIS,AGP
LIS,ALC
LIS,BCN
LIS,BER
LIS,BGY
LIS,BHX
LIS,BLQ
LIS,BOD
LIS,BUD
LIS,BVA
LIS,CGN
LIS,CRL
LIS,DUB
LIS,EDI
LIS,EIN
LIS,FCO
LIS,FNC
LIS,KRK
LIS,LUX
LIS,MAD
LIS,MAN
LIS,MLA
LIS,MRS
LIS,NAP
LIS,PDL
LIS,POZ
LIS,PSA
LIS,RAK
LIS,STN
LIS,SVQ
LIS,TER
LIS,TLS
LIS,TNG
LIS,VCE
LIS,VIE
LIS,VLC
LIS,WMI
LIS,WRO
LNZ,STN
LPA,AGP
LPA,BCN
LPA,BER
LPA,BGY
LPA,BHX
LPA,BLQ
LPA,BOH
LPA,BRS
LPA,BUD
LPA,CGN
LPA,CRL
LPA,DUB
LPA,EDI
LPA,EMA
LPA,FCO
LPA,FKB
LPA,FMM
LPA,HHN
LPA,KRK
LPA,LTN
LPA,MAD
LPA,MAN
LPA,MXP
LPA,NCL
LPA,OPO
LPA,ORK
LPA,PIK
LPA,PMI
LPA,PSA
LPA,RAK
LPA,SCQ
LPA,SNN
LPA,STN
LPA,SVQ
LPA,TSF
LPA,VIE
LPA,VLC
LPL,ACE
LPL,AGP
LPL,ALC
LPL,ARN
LPL,BCN
LPL,BGY
LPL,BUD
LPL,CFU
LPL,CIA
LPL,DUB
LPL,EGC
LPL,FAO
LPL,FUE
LPL,IBZ
LPL,KRK
LPL,KSC
LPL,KUN
LPL,MAD
LPL,MLA
LPL,NOC
LPL,OPO
LPL,ORK
LPL,PFO
LPL,PMI
LPL,POZ
LPL,REU
LPL,RVN
LPL,SNN
LPL,SOF
LPL,SZZ
LPL,TFS
LPL,WMI
LPL,WRO
LPL,ZAD
LPP,BGY
LRH,CRL
LRH,DUB
LRH,MRS
LRH,OPO
LRH,ORK
LRH,RAK
LRH,STN
LTN,ACE
LTN,AGP
LTN,ALC
LTN,ATH
LTN,BCN
LTN,BLQ
LTN,BOJ
LTN,BZG
LTN,BZR
LTN,CTA
LTN,DUB
LTN,FAO
LTN,FUE
LTN,GNB
LTN,KIR
LTN,KRK
LTN,KUN
LTN,LPA
LTN,LUZ
LTN,MLA
LTN,NAP
LTN,NOC
LTN,ORK
LTN,PMI
LTN,RMU
LTN,RZE
LTN,SVQ
LTN,TFS
LTN,TRN
LTN,TSF
LTN,VNO
LUX,BCN
LUX,BER
LUX,BGY
LUX,DUB
LUX,FAO
LUX,LIS
LUX,MAD
LUX,MLA
LUX,MRS
LUX,OPO
LUX,PMI
LUX,STN
LUX,SVQ
LUX,TLS
LUZ,BGY
LUZ,DUB
LUZ,GDN
LUZ,LTN
MAD,ACE
MAD,AGA
MAD,AHO
MAD,AMM
MAD,BDS
MAD,BER
MAD,BGY
MAD,BHX
MAD,BLL
MAD,BLQ
MAD,BOD
MAD,BRI
MAD,BRS
MAD,BRU
MAD,BUD
MAD,BVA
MAD,CAG
MAD,CPH
MAD,CRL
MAD,CTA
MAD,DUB
MAD,EDI
MAD,EIN
MAD,ESU
MAD,FAO
MAD,FCO
MAD,FEZ
MAD,FUE
MAD,IBZ
MAD,KRK
MAD,KUN
MAD,LIS
MAD,LPA
MAD,LPL
MAD,LUX
MAD,MAH
MAD,MAN
MAD,MLA
MAD,MRS
MAD,MXP
MAD,NAP
MAD,NDR
MAD,OPO
MAD,OTP
MAD,PMI
MAD,PMO
MAD,PRG
MAD,PSA
MAD,RAK
MAD,RBA
MAD,SCQ
MAD,SOF
MAD,STN
MAD,TFN
MAD,TFS
MAD,TNG
MAD,TRN
MAD,TTU
MAD,VCE
MAD,VIE
MAD,VRN
MAD,WMI
MAH,AGP
MAH,ALC
MAH,BCN
MAH,BGY
MAH,BLQ
MAH,BOD
MAH,CRL
MAH,DUB
MAH,EMA
MAH,FCO
MAH,MAD
MAH,MAN
MAH,MRS
MAH,NAP
MAH,SCQ
MAH,STN
MAH,SVQ
MAH,TLS
MAH,TSF
MAH,VLC
MAN,ACE
MAN,AGA
MAN,AGP
MAN,ALC
MAN,BCN
MAN,BDS
MAN,BER
MAN,BFS
MAN,BGY
MAN,BLL
MAN,BLQ
MAN,BOD
MAN,BTS
MAN,BUD
MAN,BVA
MAN,BZR
MAN,CCF
MAN,CFU
MAN,CGN
MAN,CHQ
MAN,CIA
MAN,CPH
MAN,CRL
MAN,DBV
MAN,DUB
MAN,EIN
MAN,FAO
MAN,FMM
MAN,FNC
MAN,FUE
MAN,GDN
MAN,GNB
MAN,GOA
MAN,GOT
MAN,GRO
MAN,HHN
MAN,IBZ
MAN,KIR
MAN,KRK
MAN,KTW
MAN,LDY
MAN,LEI
MAN,LIG
MAN,LIS
MAN,LPA
MAN,MAD
MAN,MAH
MAN,MLA
MAN,MRS
MAN,MXP
MAN,NAP
MAN,NOC
MAN,NTE
MAN,OPO
MAN,ORK
MAN,OTP
MAN,PDV
MAN,PFO
MAN,PMI
MAN,POZ
MAN,PRG
MAN,PSA
MAN,RAK
MAN,REG
MAN,REU
MAN,RHO
MAN,RIX
MAN,RMU
MAN,RZE
MAN,SDR
MAN,SNN
MAN,SVQ
MAN,SZG
MAN,TFS
MAN,TGD
MAN,TIA
MAN,TNG
MAN,TPS
MAN,TRF
MAN,TRN
MAN,VCE
MAN,VIE
MAN,VLC
MAN,VRN
MAN,WAW
MAN,WMI
MAN,WRO
MAN,ZAD
MAN,ZAG
MLA,ARN
MLA,ATH
MLA,BCN
MLA,BFS
MLA,BGY
MLA,BHX
MLA,BLL
MLA,BLQ
MLA,BOD
MLA,BOH
MLA,BRI
MLA,BTS
MLA,BUD
MLA,BVA
MLA,CAG
MLA,CGN
MLA,CHQ
MLA,CRL
MLA,CTA
MLA,DUB
MLA,EDI
MLA,EIN
MLA,EMA
MLA,FCO
MLA,FMM
MLA,GDN
MLA,INI
MLA,KRK
MLA,KTW
MLA,LDE
MLA,LIS
MLA,LPL
MLA,LTN
MLA,LUX
MLA,MAD
MLA,MAN
MLA,MRS
MLA,MXP
MLA,NAP
MLA,NTE
MLA,NWI
MLA,OPO
MLA,OTP
MLA,PEG
MLA,PFO
MLA,PMF
MLA,POZ
MLA,PSA
MLA,PSR
MLA,RIX
MLA,SKG
MLA,SNN
MLA,SOF
MLA,STN
MLA,SUF
MLA,SVQ
MLA,TLS
MLA,TLV
MLA,TPS
MLA,TRN
MLA,TRS
MLA,TSF
MLA,VIE
MLA,VLC
MLA,VNO
MLA,WMI
MLA,WRO
MLA,ZAG
MME,ALC
MME,CFU
MME,FAO
MME,PMI
MMX,ZAG
MRS,ACE
MRS,AGA
MRS,AGP
MRS,ALC
MRS,AMM
MRS,BER
MRS,BGY
MRS,BLQ
MRS,BOD
MRS,BRI
MRS,BRS
MRS,BUD
MRS,CFU
MRS,CHQ
MRS,CRL
MRS,CTA
MRS,DUB
MRS,EDI
MRS,EIN
MRS,ESU
MRS,FAO
MRS,FCO
MRS,FEZ
MRS,IBZ
MRS,KRK
MRS,LIG
MRS,LIL
MRS,LIS
MRS,LRH
MRS,LUX
MRS,MAD
MRS,MAH
MRS,MAN
MRS,MLA
MRS,NAP
MRS,NDR
MRS,NTE
MRS,OPO
MRS,OTP
MRS,OUD
MRS,OZZ
MRS,PFO
MRS,PMI
MRS,PMO
MRS,PRG
MRS,RAK
MRS,RBA
MRS,REG
MRS,RHO
MRS,SNN
MRS,STN
MRS,SVQ
MRS,TFS
MRS,TIA
MRS,TLV
MRS,TNG
MRS,TSF
MRS,TTU
MRS,TUF
MRS,VIE
MRS,VLC
MRS,WRO
MRS,ZAD
MRS,ZAG
MST,ALC
MST,BRI
MST,GRO
MST,OPO
MST,ZAD
MXP,ACE
MXP,AGP
MXP,AHO
MXP,ALC
MXP,ATH
MXP,BCN
MXP,BDS
MXP,BER
MXP,BRI
MXP,BUD
MXP,BVA
MXP,CAG
MXP,CFU
MXP,CTA
MXP,DUB
MXP,HER
MXP,JTR
MXP,KGS
MXP,LPA
MXP,MAD
MXP,MAN
MXP,MLA
MXP,NAP
MXP,OPO
MXP,OTP
MXP,PMI
MXP,PMO
MXP,RAK
MXP,STN
MXP,SUF
MXP,SVQ
MXP,TFS
MXP,TLL
MXP,TPS
MXP,VIE
MXP,VLC
MXP,ZAD
NAP,AGP
NAP,AHO
NAP,BCN
NAP,BGY
NAP,BOD
NAP,BUD
NAP,BVA
NAP,CAG
NAP,CFU
NAP,CHQ
NAP,CPH
NAP,CRL
NAP,CTA
NAP,DUB
NAP,EDI
NAP,EIN
NAP,FMM
NAP,GDN
NAP,GOA
NAP,JMK
NAP,JTR
NAP,KRK
NAP,KUN
NAP,LIS
NAP,LTN
NAP,MAD
NAP,MAH
NAP,MAN
NAP,MLA
NAP,MRS
NAP,MXP
NAP,NUE
NAP,OTP
NAP,PFO
NAP,PMI
NAP,PMO
NAP,PRG
NAP,RAK
NAP,RHO
NAP,SKG
NAP,SNN
NAP,SOF
NAP,STN
NAP,SVQ
NAP,TFS
NAP,TLS
NAP,TLV
NAP,TPS
NAP,TRN
NAP,TRS
NAP,VCE
NAP,VIE
NAP,VLC
NAP,VRN
NAP,WMI
NAP,WRO
NAP,ZAG
NAP,ZTH
NCE,DUB
NCE,STN
NCL,ACE
NCL,AGP
NCL,ALC
NCL,BCN
NCL,BGY
NCL,CHQ
NCL,DUB
NCL,FAO
NCL,FUE
NCL,GDN
NCL,IBZ
NCL,KRK
NCL,LPA
NCL,PFO
NCL,PMI
NCL,TFS
NCL,WRO
NCL,ZAD
NDR,AGP
NDR,BCN
NDR,BVA
NDR,CRL
NDR,HHN
NDR,MAD
NDR,MRS
NDR,NRN
NDR,TLS
NOC,ACE
NOC,AGP
NOC,ALC
NOC,BGY
NOC,BHX
NOC,BRS
NOC,CGN
NOC,EDI
NOC,EMA
NOC,FAO
NOC,GRO
NOC,LPL
NOC,LTN
NOC,MAN
NOC,PMI
NOC,STN
NOC,TFS
NQY,AGP
NQY,ALC
NQY,DUB
NQY,EDI
NQY,FAO
NQY,STN
NRN,ACE
NRN,AGA
NRN,AGP
NRN,ALC
NRN,AOI
NRN,BGY
NRN,BRI
NRN,BZR
NRN,CAG
NRN,CDT
NRN,CFU
NRN,CHQ
NRN,CPH
NRN,DBV
NRN,EDI
NRN,ESU
NRN,FAO
NRN,FEZ
NRN,FUE
NRN,GRO
NRN,IBZ
NRN,KGS
NRN,NDR
NRN,OPO
NRN,OUD
NRN,OVD
NRN,PMI
NRN,PSR
NRN,PUY
NRN,RAK
NRN,RBA
NRN,REU
NRN,RHO
NRN,SKG
NRN,SVQ
NRN,TFS
NRN,TIA
NRN,TNG
NRN,TPS
NRN,ZAD
NRN,ZAG
NTE,AGA
NTE,BOH
NTE,CRL
NTE,DUB
NTE,EDI
NTE,FEZ
NTE,MAN
NTE,MLA
NTE,MRS
NTE,STN
NTE,SVQ
NTE,VLC
NUE,ACE
NUE,AGP
NUE,ALC
NUE,BRI
NUE,BUD
NUE,CAG
NUE,CFU
NUE,CHQ
NUE,FAO
NUE,GRO
NUE,NAP
NUE,OPO
NUE,PMI
NUE,PMO
NUE,PVK
NUE,SKG
NUE,SOF
NUE,STN
NUE,SUF
NUE,SVQ
NUE,TFS
NUE,VLC
NUE,VNO
NUE,ZAD
NWI,ALC
NWI,FAO
NWI,MLA
OLB,BGY
OLB,BLQ
OLB,BVA
OLB,CPH
OLB,CRL
OLB,DUB
OLB,KRK
OLB,STN
OLB,TRS
OLB,VIE
OPO,AGA
OPO,AGP
OPO,ALC
OPO,ARN
OPO,BCN
OPO,BER
OPO,BFS
OPO,BGY
OPO,BHX
OPO,BLL
OPO,BLQ
OPO,BOD
OPO,BRI
OPO,BRS
OPO,BRU
OPO,BUD
OPO,BVA
OPO,BVE
OPO,CAG
OPO,CCF
OPO,CDT
OPO,CFE
OPO,CGN
OPO,CIA
OPO,CPH
OPO,CRL
OPO,DLE
OPO,DTM
OPO,DUB
OPO,EDI
OPO,EIN
OPO,FAO
OPO,FCO
OPO,FKB
OPO,FMM
OPO,FNC
OPO,FNI
OPO,HAM
OPO,HHN
OPO,IBZ
OPO,KRK
OPO,LBA
OPO,LIL
OPO,LPA
OPO,LPL
OPO,LRH
OPO,LUX
OPO,MAD
OPO,MAN
OPO,MLA
OPO,MRS
OPO,MST
OPO,MXP
OPO,NRN
OPO,NUE
OPO,PDL
OPO,PMI
OPO,PSA
OPO,RAK
OPO,SNN
OPO,STN
OPO,SVQ
OPO,SXB
OPO,TER
OPO,TFS
OPO,TLS
OPO,TNG
OPO,TPS
OPO,TRN
OPO,TSF
OPO,TUF
OPO,VIE
OPO,VLC
OPO,VRN
OPO,WMI
OPO,WRO
OPO,XCR
ORB,STN
ORK,ACE
ORK,AGP
ORK,AHO
ORK,ALC
ORK,BCN
ORK,BGY
ORK,BHX
ORK,BOD
ORK,BVA
ORK,CCF
ORK,CIA
ORK,CRL
ORK,EDI
ORK,FAO
ORK,FCO
ORK,FUE
ORK,GDN
ORK,GRO
ORK,LGW
ORK,LPA
ORK,LPL
ORK,LRH
ORK,LTN
ORK,MAN
ORK,PMI
ORK,POZ
ORK,PSA
ORK,REU
ORK,RHO
ORK,STN
ORK,SVQ
ORK,TFS
ORK,TSF
ORK,VCE
ORK,VLC
ORK,ZAD
OSI,STN
OSL,KTW
OSL,STN
OSL,VNO
OSR,AGP
OSR,STN
OTP,AGP
OTP,AMM
OTP,BER
OTP,BGY
OTP,BHX
OTP,BLQ
OTP,BRS
OTP,BVA
OTP,CFU
OTP,CHQ
OTP,CIA
OTP,CRL
OTP,CTA
OTP,DUB
OTP,EDI
OTP,GOA
OTP,JSI
OTP,LBA
OTP,MAD
OTP,MAN
OTP,MLA
OTP,MRS
OTP,MXP
OTP,NAP
OTP,PEG
OTP,PFO
OTP,PMI
OTP,PMO
OTP,PSA
OTP,PSR
OTP,SKG
OTP,STN
OTP,TIA
OTP,TLV
OTP,TSF
OTP,VIE
OTP,ZAD
OUD,AGA
OUD,BCN
OUD,BVA
OUD,CRL
OUD,MRS
OUD,NRN
OUD,RAK
OUD,TLS
OUD,TNG
OVD,CRL
OVD,FCO
OVD,NRN
OVD,STN
OZZ,BCN
OZZ,MRS
OZZ,STN
OZZ,TNG
PAD,AGP
PAD,ALC
PAD,GRO
PAD,PMI
PDL,CRL
PDL,LIS
PDL,OPO
PDL,STN
PDV,BHX
PDV,MAN
PDV,STN
PED,ALC
PED,GRO
PEG,BCN
PEG,BDS
PEG,CAG
PEG,CRL
PEG,CTA
PEG,KRK
PEG,MLA
PEG,OTP
PEG,PMO
PEG,STN
PFO,AMM
PFO,ATH
PFO,BER
PFO,BGY
PFO,BHX
PFO,BOD
PFO,BTS
PFO,BUD
PFO,BVA
PFO,CGN
PFO,CHQ
PFO,CIA
PFO,CRL
PFO,DUB
PFO,EIN
PFO,FCO
PFO,FMM
PFO,GDN
PFO,JMK
PFO,KRK
PFO,KTW
PFO,KUN
PFO,LPL
PFO,MAN
PFO,MLA
PFO,MRS
PFO,NAP
PFO,NCL
PFO,OTP
PFO,POZ
PFO,RHO
PFO,RIX
PFO,SKG
PFO,SOF
PFO,STN
PFO,TLL
PFO,TLS
PFO,TLV
PFO,TSF
PFO,VIE
PFO,WAW
PFO,WMI
PFO,WRO
PFO,ZAG
PGF,AGA
PGF,BHX
PGF,CRL
PGF,LBA
PGF,RAK
PGF,STN
PIK,ACE
PIK,AGP
PIK,ALC
PIK,BCN
PIK,FAO
PIK,LPA
PIK,PMI
PIK,PSA
PIK,RMU
PIK,TFS
PIS,BCN
PIS,EDI
PIS,STN
PLQ,DUB
PLQ,STN
PMF,CAG
PMF,MLA
PMF,PMO
PMI,AAR
PMI,AGP
PMI,ALC
PMI,ARN
PMI,BCN
PMI,BER
PMI,BFS
PMI,BGY
PMI,BHX
PMI,BLL
PMI,BLQ
PMI,BOD
PMI,BOH
PMI,BRE
PMI,BRS
PMI,BRU
PMI,BTS
PMI,BUD
PMI,BVA
PMI,CAG
PMI,CGN
PMI,CPH
PMI,CRL
PMI,DRS
PMI,DTM
PMI,DUB
PMI,EDI
PMI,EIN
PMI,EMA
PMI,EXT
PMI,FCO
PMI,FEZ
PMI,FKB
PMI,FMM
PMI,FMO
PMI,GOT
PMI,HAM
PMI,HHN
PMI,KLU
PMI,KRK
PMI,KUN
PMI,LBA
PMI,LPA
PMI,LPL
PMI,LTN
PMI,LUX
PMI,MAD
PMI,MAN
PMI,MME
PMI,MRS
PMI,MXP
PMI,NAP
PMI,NCL
PMI,NOC
PMI,NRN
PMI,NUE
PMI,OPO
PMI,ORK
PMI,OTP
PMI,PAD
PMI,PIK
PMI,POZ
PMI,PRG
PMI,PSA
PMI,RAK
PMI,SCQ
PMI,SNN
PMI,SOF
PMI,STN
PMI,SVQ
PMI,TFN
PMI,TLS
PMI,TRF
PMI,TSF
PMI,VIE
PMI,VIT
PMI,VLC
PMI,VLL
PMI,VRN
PMI,WAW
PMI,WMI
PMI,WRO
PMI,XRY
PMI,ZAG
PMI,ZAZ
PMO,AHO
PMO,BCN
PMO,BDS
PMO,BER
PMO,BGY
PMO,BLQ
PMO,BRI
PMO,BUD
PMO,BVA
PMO,CAG
PMO,CGN
PMO,CRL
PMO,CUF
PMO,DUB
PMO,EDI
PMO,FCO
PMO,FKB
PMO,FMM
PMO,FRL
PMO,GOA
PMO,HHN
PMO,KRK
PMO,MAD
PMO,MRS
PMO,MXP
PMO,NAP
PMO,NUE
PMO,OTP
PMO,PEG
PMO,PMF
PMO,POZ
PMO,PSA
PMO,RMI
PMO,STN
PMO,TRN
PMO,TRS
PMO,VCE
PMO,VIE
PMO,VLC
PMO,VRN
PMO,WRO
POZ,AGP
POZ,ALC
POZ,AMM
POZ,ARN
POZ,BGY
POZ,BHX
POZ,BLL
POZ,BOJ
POZ,BRI
POZ,BRS
POZ,BVA
POZ,CAG
POZ,CFU
POZ,CHQ
POZ,CIA
POZ,CPH
POZ,CRL
POZ,DBV
POZ,DUB
POZ,EDI
POZ,GRO
POZ,LBA
POZ,LIS
POZ,LPL
POZ,MAN
POZ,MLA
POZ,ORK
POZ,PFO
POZ,PMI
POZ,PMO
POZ,PRG
POZ,PUY
POZ,SKG
POZ,STN
POZ,TLV
POZ,TRF
POZ,TSF
POZ,ZAD
PRG,AGP
PRG,AMM
PRG,BCN
PRG,BGY
PRG,BLQ
PRG,BOD
PRG,BRI
PRG,BRS
PRG,BUD
PRG,BVA
PRG,CFU
PRG,CIA
PRG,CPH
PRG,CRL
PRG,CTA
PRG,DUB
PRG,EDI
PRG,EMA
PRG,FCO
PRG,GDN
PRG,GOT
PRG,JSI
PRG,KRK
PRG,KSC
PRG,MAD
PRG,MAN
PRG,MRS
PRG,NAP
PRG,PMI
PRG,POZ
PRG,PSA
PRG,PSR
PRG,RHO
PRG,RIX
PRG,RMI
PRG,STN
PRG,SVQ
PRG,TIA
PRG,TRN
PRG,TSF
PRG,VCE
PRG,ZAD
PSA,AGP
PSA,AHO
PSA,AMM
PSA,ARN
PSA,BDS
PSA,BER
PSA,BHX
PSA,BLL
PSA,BOD
PSA,BRI
PSA,BRU
PSA,BUD
PSA,BVA
PSA,CAG
PSA,CFU
PSA,CHQ
PSA,CPH
PSA,CRL
PSA,CTA
PSA,DUB
PSA,EDI
PSA,EFL
PSA,EIN
PSA,EMA
PSA,FMM
PSA,FUE
PSA,GDN
PSA,GOT
PSA,GRO
PSA,IBZ
PSA,JSI
PSA,KGS
PSA,KRK
PSA,KUN
PSA,LIS
PSA,LPA
PSA,MAD
PSA,MAN
PSA,MLA
PSA,OPO
PSA,ORK
PSA,OTP
PSA,PIK
PSA,PMI
PSA,PMO
PSA,PRG
PSA,RAK
PSA,RHO
PSA,STN
PSA,SUF
PSA,SVQ
PSA,TFS
PSA,TIA
PSA,TPS
PSA,TRF
PSA,VLC
PSA,WRO
PSA,ZAD
PSA,ZAG
PSR,AHO
PSR,BGY
PSR,CRL
PSR,CTA
PSR,FMM
PSR,GRO
PSR,HHN
PSR,KRK
PSR,MLA
PSR,NRN
PSR,OTP
PSR,PRG
PSR,STN
PSR,TPS
PSR,TRN
PUY,CRL
PUY,FMM
PUY,KTW
PUY,NRN
PUY,POZ
PUY,STN
PUY,VIE
PVK,BGY
PVK,BLQ
PVK,BUD
PVK,FCO
PVK,NUE
PVK,STN
PVK,VIE
RAK,ACE
RAK,AGP
RAK,ALC
RAK,ARN
RAK,BCN
RAK,BER
RAK,BGY
RAK,BHX
RAK,BOD
RAK,BRS
RAK,BRU
RAK,BVA
RAK,CGN
RAK,CIA
RAK,CRL
RAK,DLE
RAK,DUB
RAK,EDI
RAK,EIN
RAK,ERH
RAK,FAO
RAK,FEZ
RAK,FNI
RAK,GRO
RAK,HHN
RAK,LBA
RAK,LIG
RAK,LIS
RAK,LPA
RAK,LRH
RAK,MAD
RAK,MAN
RAK,MRS
RAK,MXP
RAK,NAP
RAK,NRN
RAK,OPO
RAK,OUD
RAK,PGF
RAK,PMI
RAK,PSA
RAK,RMU
RAK,SDR
RAK,STN
RAK,SVQ
RAK,TFS
RAK,TLS
RAK,TNG
RAK,TRN
RAK,TSF
RAK,TTU
RAK,TUF
RAK,VLC
RAK,XCR
RAK,ZAZ
RBA,AGP
RBA,BCN
RBA,BVA
RBA,CIA
RBA,CRL
RBA,MAD
RBA,MRS
RBA,NRN
RBA,STN
RBA,SVQ
RBA,TLS
RDZ,CRL
RDZ,DUB
RDZ,STN
REG,BCN
REG,BER
REG,BLQ
REG,MAN
REG,MRS
REG,TIA
REG,TRN
REG,VCE
REU,BHX
REU,CRL
REU,DUB
REU,EIN
REU,EMA
REU,LBA
REU,LPL
REU,MAN
REU,NRN
REU,ORK
REU,SNN
REU,STN
RHO,ARN
RHO,BER
RHO,BGY
RHO,BHX
RHO,BLQ
RHO,BRI
RHO,BUD
RHO,CIA
RHO,CRL
RHO,CTA
RHO,DUB
RHO,EDI
RHO,EMA
RHO,FMM
RHO,KRK
RHO,KUN
RHO,MAN
RHO,MRS
RHO,NAP
RHO,NRN
RHO,ORK
RHO,PFO
RHO,PRG
RHO,PSA
RHO,SKG
RHO,SOF
RHO,STN
RHO,VIE
RHO,WMI
RIX,AAR
RIX,AGP
RIX,ARN
RIX,BCN
RIX,BER
RIX,BGY
RIX,BVA
RIX,CGN
RIX,CIA
RIX,CRL
RIX,DUB
RIX,EDI
RIX,EMA
RIX,FMM
RIX,GDN
RIX,GOT
RIX,GRO
RIX,KRK
RIX,LBA
RIX,MAN
RIX,MLA
RIX,PFO
RIX,PRG
RIX,STN
RIX,TPS
RIX,TRF
RIX,TSF
RIX,VIE
RIX,WMI
RJK,ARN
RJK,CRL
RJK,STN
RJK,VIE
RMI,BUD
RMI,CAG
RMI,KRK
RMI,KUN
RMI,PMO
RMI,PRG
RMI,STN
RMI,VIE
RMU,BHX
RMU,BOH
RMU,DUB
RMU,EMA
RMU,LTN
RMU,MAN
RMU,PIK
RMU,RAK
RMU,STN
RVN,BGY
RVN,BVA
RVN,CRL
RVN,DUB
RVN,LPL
RVN,STN
RZE,ALC
RZE,BRS
RZE,DUB
RZE,EMA
RZE,LTN
RZE,MAN
RZE,STN
RZE,ZAD
SCQ,ACE
SCQ,AGP
SCQ,ALC
SCQ,BCN
SCQ,BGY
SCQ,BLQ
SCQ,CRL
SCQ,DUB
SCQ,FMM
SCQ,FUE
SCQ,IBZ
SCQ,LPA
SCQ,MAD
SCQ,MAH
SCQ,PMI
SCQ,STN
SCQ,SVQ
SCQ,TFS
SCQ,VLC
SCQ,ZAZ
SDR,AGP
SDR,ALC
SDR,BGY
SDR,BHX
SDR,BLQ
SDR,BVA
SDR,CRL
SDR,DUB
SDR,EDI
SDR,FCO
SDR,MAN
SDR,RAK
SDR,STN
SDR,TSF
SDR,VIE
SDR,VLC
SFT,GDN
SJJ,BGY
SJJ,CRL
SJJ,FMM
SJJ,GOT
SJJ,SKG
SJJ,STN
SKG,ARN
SKG,BER
SKG,BGY
SKG,BLQ
SKG,BTS
SKG,BUD
SKG,BVA
SKG,CFU
SKG,CHQ
SKG,CIA
SKG,CPH
SKG,CRL
SKG,DTM
SKG,DUB
SKG,EIN
SKG,FKB
SKG,FMM
SKG,HEL
SKG,HER
SKG,HHN
SKG,KRK
SKG,MLA
SKG,NAP
SKG,NRN
SKG,NUE
SKG,OTP
SKG,PFO
SKG,POZ
SKG,RHO
SKG,SJJ
SKG,STN
SKG,TLV
SKG,TSF
SKG,VIE
SKG,WMI
SKG,ZAG
SNN,ACE
SNN,AGP
SNN,ALC
SNN,BHX
SNN,BUD
SNN,BZR
SNN,CFU
SNN,EDI
SNN,FAO
SNN,FUE
SNN,GRO
SNN,KRK
SNN,KUN
SNN,LGW
SNN,LPA
SNN,LPL
SNN,MAN
SNN,MLA
SNN,MRS
SNN,NAP
SNN,OPO
SNN,PMI
SNN,REU
SNN,STN
SNN,TFS
SNN,TRN
SNN,WRO
SOF,AGP
SOF,ALC
SOF,AQJ
SOF,BCN
SOF,BER
SOF,BGY
SOF,BHX
SOF,BLQ
SOF,BRI
SOF,BRS
SOF,BTS
SOF,BUD
SOF,BVA
SOF,CFU
SOF,CGN
SOF,CHQ
SOF,CIA
SOF,CPH
SOF,CRL
SOF,CTA
SOF,DUB
SOF,EDI
SOF,EIN
SOF,FKB
SOF,FMM
SOF,HHN
SOF,JSI
SOF,LPL
SOF,MAD
SOF,MLA
SOF,NAP
SOF,NUE
SOF,PFO
SOF,PMI
SOF,RHO
SOF,STN
SOF,TLV
SOF,TSF
SOF,VIE
SOF,VLC
SOF,WRO
SOF,ZAD
SOF,ZAG
SPU,DUB
SPU,FCO
SPU,VIE
STN,AAL
STN,AAR
STN,ACE
STN,AGA
STN,AGP
STN,AHO
STN,ALC
STN,AOI
STN,ARN
STN,ATH
STN,BCN
STN,BDS
STN,BER
STN,BFS
STN,BGY
STN,BIQ
STN,BLL
STN,BLQ
STN,BOD
STN,BRE
STN,BRI
STN,BRQ
STN,BSL
STN,BTS
STN,BUD
STN,BVE
STN,BZG
STN,BZR
STN,CAG
STN,CCF
STN,CDT
STN,CFU
STN,CGN
STN,CHQ
STN,CIA
STN,CLJ
STN,CPH
STN,CTA
STN,DBV
STN,DTM
STN,DUB
STN,EDI
STN,EFL
STN,EGC
STN,EIN
STN,ESU
STN,FAO
STN,FEZ
STN,FKB
STN,FMM
STN,FNC
STN,FNI
STN,FUE
STN,GDN
STN,GNB
STN,GOA
STN,GOT
STN,GRO
STN,HAM
STN,HEL
STN,HHN
STN,IBZ
STN,JTR
STN,KGS
STN,KIR
STN,KLU
STN,KLX
STN,KRK
STN,KSC
STN,KTW
STN,KUN
STN,LCJ
STN,LDE
STN,LEI
STN,LEJ
STN,LIG
STN,LIS
STN,LNZ
STN,LPA
STN,LRH
STN,LUX
STN,MAD
STN,MAH
STN,MLA
STN,MRS
STN,MXP
STN,NAP
STN,NCE
STN,NOC
STN,NQY
STN,NTE
STN,NUE
STN,OLB
STN,OPO
STN,ORB
STN,ORK
STN,OSI
STN,OSL
STN,OSR
STN,OTP
STN,OVD
STN,OZZ
STN,PDL
STN,PDV
STN,PEG
STN,PFO
STN,PGF
STN,PIS
STN,PLQ
STN,PMI
STN,PMO
STN,POZ
STN,PRG
STN,PSA
STN,PSR
STN,PUY
STN,PVK
STN,RAK
STN,RBA
STN,RDZ
STN,REU
STN,RHO
STN,RIX
STN,RJK
STN,RMI
STN,RMU
STN,RVN
STN,RZE
STN,SCQ
STN,SDR
STN,SJJ
STN,SKG
STN,SNN
STN,SOF
STN,SUF
STN,SVQ
STN,SZG
STN,SZY
STN,SZZ
STN,TAT
STN,TFS
STN,TGD
STN,TIA
STN,TLL
STN,TLS
STN,TNG
STN,TPS
STN,TRF
STN,TRN
STN,TRS
STN,TUF
STN,VCE
STN,VGO
STN,VIE
STN,VLC
STN,VNO
STN,VRN
STN,VST
STN,WMI
STN,WRO
STN,XRY
STN,ZAD
STN,ZAG
STN,ZAZ
STN,ZTH
SUF,BGY
SUF,BLQ
SUF,CRL
SUF,FKB
SUF,FMM
SUF,GOA
SUF,HHN
SUF,KRK
SUF,MLA
SUF,MXP
SUF,NUE
SUF,PSA
SUF,STN
SUF,TRN
SUF,VCE
SUF,VIE
SUF,VLC
SUF,VRN
SVQ,ACE
SVQ,ALC
SVQ,BCN
SVQ,BGY
SVQ,BHX
SVQ,BLL
SVQ,BLQ
SVQ,BOD
SVQ,BRI
SVQ,BUD
SVQ,BVA
SVQ,BVE
SVQ,CAG
SVQ,CGN
SVQ,CIA
SVQ,CRL
SVQ,CTA
SVQ,DUB
SVQ,EDI
SVQ,EIN
SVQ,FCO
SVQ,FKB
SVQ,FUE
SVQ,HHN
SVQ,IBZ
SVQ,KRK
SVQ,LIS
SVQ,LPA
SVQ,LTN
SVQ,LUX
SVQ,MAH
SVQ,MAN
SVQ,MLA
SVQ,MRS
SVQ,MXP
SVQ,NAP
SVQ,NRN
SVQ,NTE
SVQ,NUE
SVQ,OPO
SVQ,ORK
SVQ,PMI
SVQ,PRG
SVQ,PSA
SVQ,RAK
SVQ,RBA
SVQ,SCQ
SVQ,STN
SVQ,TFN
SVQ,TFS
SVQ,TLS
SVQ,TPS
SVQ,TRN
SVQ,TRS
SVQ,TSF
SVQ,TTU
SVQ,VIE
SVQ,VIT
SVQ,VLC
SXB,AGA
SXB,OPO
SZG,DUB
SZG,MAN
SZG,STN
SZY,STN
SZZ,DUB
SZZ,KRK
SZZ,LPL
SZZ,STN
TAT,STN
TER,LIS
TER,OPO
TFN,ALC
TFN,BCN
TFN,MAD
TFN,PMI
TFN,SVQ
TFN,VLC
TFS,AGA
TFS,AGP
TFS,BCN
TFS,BER
TFS,BGY
TFS,BHX
TFS,BLQ
TFS,BOD
TFS,BOH
TFS,BRS
TFS,BUD
TFS,BVA
TFS,CGN
TFS,CRL
TFS,CWL
TFS,DUB
TFS,EDI
TFS,EIN
TFS,EMA
TFS,FCO
TFS,FKB
TFS,FMM
TFS,HHN
TFS,KRK
TFS,LBA
TFS,LPL
TFS,LTN
TFS,MAD
TFS,MAN
TFS,MRS
TFS,MXP
TFS,NAP
TFS,NCL
TFS,NOC
TFS,NRN
TFS,NUE
TFS,OPO
TFS,ORK
TFS,PIK
TFS,PSA
TFS,RAK
TFS,SCQ
TFS,SNN
TFS,STN
TFS,SVQ
TFS,TLS
TFS,TSF
TFS,VIE
TFS,VLC
TFS,WMI
TGD,BER
TGD,CRL
TGD,GDN
TGD,KRK
TGD,MAN
TGD,STN
TGD,WRO
TGD,ZAG
TIA,ARN
TIA,BGY
TIA,BHX
TIA,BLQ
TIA,BRI
TIA,BRS
TIA,BUD
TIA,BVA
TIA,CIA
TIA,CRL
TIA,CTA
TIA,EDI
TIA,KRK
TIA,MAN
TIA,MRS
TIA,NRN
TIA,OTP
TIA,PRG
TIA,PSA
TIA,REG
TIA,STN
TIA,TSF
TIA,VIE
TIA,WMI
TLL,ARN
TLL,BCN
TLL,BER
TLL,BGY
TLL,BLL
TLL,CIA
TLL,DUB
TLL,MXP
TLL,PFO
TLL,STN
TLL,TSF
TLL,VIE
TLS,AGA
TLS,ALC
TLS,BGY
TLS,BHX
TLS,BLQ
TLS,BRI
TLS,BUD
TLS,CFU
TLS,CRL
TLS,DUB
TLS,EDI
TLS,FAO
TLS,FCO
TLS,FEZ
TLS,FSC
TLS,IBZ
TLS,KRK
TLS,LIS
TLS,LUX
TLS,MAH
TLS,MLA
TLS,NAP
TLS,NDR
TLS,OPO
TLS,OUD
TLS,PFO
TLS,PMI
TLS,RAK
TLS,RBA
TLS,STN
TLS,SVQ
TLS,TFS
TLS,TNG
TLS,TPS
TLS,TSF
TLS,VLC
TLV,ATH
TLV,BER
TLV,BGY
TLV,BLQ
TLV,BRI
TLV,BUD
TLV,CRL
TLV,FCO
TLV,FKB
TLV,FMM
TLV,KRK
TLV,MLA
TLV,MRS
TLV,NAP
TLV,OTP
TLV,PFO
TLV,POZ
TLV,SKG
TLV,SOF
TLV,TRN
TLV,TSF
TLV,VIE
TLV,VNO
TLV,WMI
TNG,AGA
TNG,AGP
TNG,BCN
TNG,BGY
TNG,BOD
TNG,BVA
TNG,CCF
TNG,CIA
TNG,CRL
TNG,EIN
TNG,ESU
TNG,FKB
TNG,FMM
TNG,LIS
TNG,MAD
TNG,MAN
TNG,MRS
TNG,NRN
TNG,OPO
TNG,OUD
TNG,OZZ
TNG,RAK
TNG,STN
TNG,TLS
TNG,VLC
TPS,BGY
TPS,BLL
TPS,BLQ
TPS,BOD
TPS,BTS
TPS,CRL
TPS,FCO
TPS,FKB
TPS,KTW
TPS,MAN
TPS,MLA
TPS,MXP
TPS,NAP
TPS,NRN
TPS,OPO
TPS,PSA
TPS,PSR
TPS,RIX
TPS,STN
TPS,SVQ
TPS,TLS
TPS,TRN
TPS,TSF
TRF,AGP
TRF,ALC
TRF,BGY
TRF,DBV
TRF,GDN
TRF,KRK
TRF,MAN
TRF,PMI
TRF,POZ
TRF,PSA
TRF,RIX
TRF,STN
TRF,WMI
TRF,WRO
TRF,ZAG
TRN,ACE
TRN,AGP
TRN,ALC
TRN,ARN
TRN,BCN
TRN,BDS
TRN,BFS
TRN,BHX
TRN,BRI
TRN,BRS
TRN,BVA
TRN,CAG
TRN,CFU
TRN,CPH
TRN,CRL
TRN,CRV
TRN,CTA
TRN,DUB
TRN,IBZ
TRN,KRK
TRN,LTN
TRN,MAD
TRN,MAN
TRN,MLA
TRN,NAP
TRN,OPO
TRN,PMO
TRN,PRG
TRN,PSR
TRN,RAK
TRN,REG
TRN,SNN
TRN,STN
TRN,SUF
TRN,SVQ
TRN,TLV
TRN,TPS
TRN,VLC
TRN,VNO
TRS,BCN
TRS,BDS
TRS,BER
TRS,BRI
TRS,BUD
TRS,BVA
TRS,CAG
TRS,CRL
TRS,CTA
TRS,DUB
TRS,KRK
TRS,MLA
TRS,NAP
TRS,OLB
TRS,PMO
TRS,STN
TRS,SVQ
TRS,VLC
TSF,ACE
TSF,AGP
TSF,ALC
TSF,AMM
TSF,ARN
TSF,BER
TSF,BHX
TSF,BLL
TSF,BUD
TSF,BVA
TSF,CFU
TSF,CHQ
TSF,CPH
TSF,CRL
TSF,CRV
TSF,EIN
TSF,EMA
TSF,GDN
TSF,HHN
TSF,IBZ
TSF,KGS
TSF,KRK
TSF,KTW
TSF,LPA
TSF,LTN
TSF,MAH
TSF,MLA
TSF,MRS
TSF,OPO
TSF,ORK
TSF,OTP
TSF,PFO
TSF,PMI
TSF,POZ
TSF,PRG
TSF,RAK
TSF,RIX
TSF,SDR
TSF,SKG
TSF,SOF
TSF,SVQ
TSF,TFS
TSF,TIA
TSF,TLL
TSF,TLS
TSF,TLV
TSF,TPS
TSF,VIE
TSF,VLC
TSF,VNO
TSF,WMI
TSF,WRO
TSF,ZAZ
TTU,AGP
TTU,ALC
TTU,CRL
TTU,MAD
TTU,MRS
TTU,RAK
TTU,SVQ
TUF,MRS
TUF,OPO
TUF,RAK
TUF,STN
VAR,KRK
VAR,KTW
VAR,VIE
VAR,VNO
VCE,AHO
VCE,ARN
VCE,BCN
VCE,BDS
VCE,BER
VCE,BHX
VCE,BOD
VCE,BOH
VCE,BRI
VCE,BRS
VCE,CAG
VCE,CGN
VCE,CPH
VCE,CTA
VCE,DUB
VCE,EDI
VCE,HEL
VCE,LIS
VCE,MAD
VCE,MAN
VCE,NAP
VCE,ORK
VCE,PMO
VCE,PRG
VCE,REG
VCE,STN
VCE,SUF
VCE,VIE
VGO,BCN
VGO,STN
VIE,ACE
VIE,AGA
VIE,AGP
VIE,ALC
VIE,AMM
VIE,ARN
VIE,ATH
VIE,BCN
VIE,BGY
VIE,BLL
VIE,BLQ
VIE,BNX
VIE,BOJ
VIE,BRI
VIE,BVA
VIE,CAG
VIE,CFU
VIE,CGN
VIE,CHQ
VIE,CPH
VIE,CRL
VIE,CTA
VIE,DBV
VIE,DUB
VIE,EDI
VIE,EFL
VIE,EIN
VIE,FAO
VIE,FCO
VIE,FUE
VIE,GOT
VIE,HEL
VIE,HER
VIE,IBZ
VIE,INI
VIE,JMK
VIE,JSI
VIE,JTR
VIE,KGS
VIE,KLX
VIE,KRK
VIE,LCA
VIE,LIS
VIE,LPA
VIE,MAD
VIE,MAN
VIE,MLA
VIE,MRS
VIE,MXP
VIE,NAP
VIE,OLB
VIE,OPO
VIE,OTP
VIE,PFO
VIE,PMI
VIE,PMO
VIE,PUY
VIE,PVK
VIE,RHO
VIE,RIX
VIE,RJK
VIE,RMI
VIE,SDR
VIE,SKG
VIE,SOF
VIE,SPU
VIE,STN
VIE,SUF
VIE,SVQ
VIE,TFS
VIE,TIA
VIE,TLL
VIE,TLV
VIE,TSF
VIE,VAR
VIE,VCE
VIE,VLC
VIE,VNO
VIE,WAW
VIE,WMI
VIE,ZAD
VIE,ZTH
VIT,AGP
VIT,ALC
VIT,BGY
VIT,CGN
VIT,CRL
VIT,PMI
VIT,SVQ
VLC,ACE
VLC,AGA
VLC,AGP
VLC,ARN
VLC,BER
VLC,BFS
VLC,BGY
VLC,BHX
VLC,BLL
VLC,BLQ
VLC,BOD
VLC,BRI
VLC,BRS
VLC,BRU
VLC,BUD
VLC,BVA
VLC,CAG
VLC,CGN
VLC,CRL
VLC,DUB
VLC,EDI
VLC,EIN
VLC,EMA
VLC,FCO
VLC,FEZ
VLC,FKB
VLC,FMM
VLC,HAM
VLC,HHN
VLC,IBZ
VLC,KRK
VLC,LIS
VLC,LPA
VLC,MAH
VLC,MAN
VLC,MLA
VLC,MRS
VLC,MXP
VLC,NAP
VLC,NTE
VLC,NUE
VLC,OPO
VLC,ORK
VLC,PMI
VLC,PMO
VLC,PSA
VLC,RAK
VLC,SCQ
VLC,SDR
VLC,SOF
VLC,STN
VLC,SUF
VLC,SVQ
VLC,TFN
VLC,TFS
VLC,TLS
VLC,TNG
VLC,TRN
VLC,TRS
VLC,TSF
VLC,VIE
VLC,VRN
VLC,WMI
VLC,WRO
VLL,BCN
VLL,PMI
VNO,ARN
VNO,ATH
VNO,BCN
VNO,BER
VNO,BGY
VNO,BLL
VNO,BVA
VNO,CFU
VNO,CIA
VNO,DUB
VNO,EIN
VNO,FCO
VNO,HHN
VNO,LTN
VNO,MLA
VNO,NUE
VNO,OSL
VNO,STN
VNO,TLV
VNO,TRN
VNO,TSF
VNO,VAR
VNO,VIE
VRN,BDS
VRN,BHX
VRN,BRI
VRN,CAG
VRN,CFU
VRN,CRL
VRN,CTA
VRN,DUB
VRN,MAD
VRN,MAN
VRN,NAP
VRN,OPO
VRN,PMI
VRN,PMO
VRN,STN
VRN,SUF
VRN,VLC
VST,AGP
VST,ALC
VST,STN
VXO,ALC
VXO,GDN
VXO,ZAD
WAW,ALC
WAW,CRL
WAW,MAN
WAW,PFO
WAW,PMI
WAW,VIE
WMI,AGP
WMI,ALC
WMI,AMM
WMI,ARN
WMI,ATH
WMI,BCN
WMI,BGY
WMI,BHX
WMI,BLQ
WMI,BOJ
WMI,BRI
WMI,BUD
WMI,BVA
WMI,CFU
WMI,CHQ
WMI,CIA
WMI,CPH
WMI,CRL
WMI,CTA
WMI,DUB
WMI,EDI
WMI,EIN
WMI,GOT
WMI,HEL
WMI,KUN
WMI,LBA
WMI,LIS
WMI,LPL
WMI,MAD
WMI,MAN
WMI,MLA
WMI,NAP
WMI,OPO
WMI,PFO
WMI,PMI
WMI,RHO
WMI,RIX
WMI,SKG
WMI,STN
WMI,TFS
WMI,TIA
WMI,TLV
WMI,TRF
WMI,TSF
WMI,VIE
WMI,VLC
WMI,ZAD
WMI,ZTH
WRO,AGA
WRO,AGP
WRO,ALC
WRO,ARN
WRO,ATH
WRO,BDS
WRO,BGY
WRO,BLL
WRO,BLQ
WRO,BOH
WRO,BRS
WRO,BVA
WRO,CFU
WRO,CHQ
WRO,CIA
WRO,CRL
WRO,DBV
WRO,DUB
WRO,EDI
WRO,EMA
WRO,GDN
WRO,GLA
WRO,GRO
WRO,LBA
WRO,LIS
WRO,LPL
WRO,MAN
WRO,MLA
WRO,MRS
WRO,NAP
WRO,NCL
WRO,OPO
WRO,PFO
WRO,PMI
WRO,PMO
WRO,PSA
WRO,SNN
WRO,SOF
WRO,STN
WRO,TGD
WRO,TRF
WRO,TSF
WRO,VLC
WRO,ZAD
XCR,OPO
XCR,RAK
XRY,BCN
XRY,PMI
XRY,STN
ZAD,AAR
ZAD,ARN
ZAD,BCN
ZAD,BER
ZAD,BGY
ZAD,BHX
ZAD,BLQ
ZAD,BOD
ZAD,BOH
ZAD,BRE
ZAD,BUD
ZAD,BVA
ZAD,CGN
ZAD,CPH
ZAD,CRL
ZAD,DUB
ZAD,EDI
ZAD,EIN
ZAD,FKB
ZAD,FMM
ZAD,FMO
ZAD,GDN
ZAD,GOT
ZAD,HAM
ZAD,HEL
ZAD,HHN
ZAD,KRK
ZAD,KSC
ZAD,KTW
ZAD,KUN
ZAD,LBA
ZAD,LPL
ZAD,MAN
ZAD,MRS
ZAD,MST
ZAD,MXP
ZAD,NCL
ZAD,NRN
ZAD,NUE
ZAD,ORK
ZAD,OTP
ZAD,POZ
ZAD,PRG
ZAD,PSA
ZAD,RZE
ZAD,SOF
ZAD,STN
ZAD,VIE
ZAD,VXO
ZAD,WMI
ZAD,WRO
ZAG,ACE
ZAG,AGP
ZAG,ALC
ZAG,BGY
ZAG,BSL
ZAG,BVA
ZAG,CFU
ZAG,CRL
ZAG,DUB
ZAG,EIN
ZAG,FCO
ZAG,FKB
ZAG,FMM
ZAG,GOT
ZAG,GRO
ZAG,HHN
ZAG,KGS
ZAG,MAN
ZAG,MLA
ZAG,MMX
ZAG,MRS
ZAG,NAP
ZAG,NRN
ZAG,PFO
ZAG,PMI
ZAG,PSA
ZAG,SKG
ZAG,SOF
ZAG,STN
ZAG,TGD
ZAG,TRF
ZAZ,BGY
ZAZ,BLQ
ZAZ,BVA
ZAZ,CRL
ZAZ,FEZ
ZAZ,PMI
ZAZ,RAK
ZAZ,SCQ
ZAZ,STN
ZAZ,TSF
ZTH,BGY
ZTH,BRI
ZTH,BUD
ZTH,DUB
ZTH,FCO
ZTH,NAP
ZTH,STN
ZTH,VIE
ZTH,WMI
